id,target_people
test0001.jpg,0.5
test0002.jpg,0.5
test0003.jpg,0.5
test0004.jpg,0.5
test0005.jpg,0.5
test0006.jpg,0.5
test0007.jpg,0.5
test0008.jpg,0.5
test0009.jpg,0.5
test0010.jpg,0.5
test0011.jpg,0.5
test0012.jpg,0.5
test0013.jpg,0.5
test0014.jpg,0.5
test0015.jpg,0.5
test0016.jpg,0.5
test0017.jpg,0.5
test0018.jpg,0.5
test0019.jpg,0.5
test0020.jpg,0.5
test0021.jpg,0.5
test0022.jpg,0.5
test0023.jpg,0.5
test0024.jpg,0.5
test0025.jpg,0.5
test0026.jpg,0.5
test0027.jpg,0.5
test0028.jpg,0.5
test0029.jpg,0.5
test0030.jpg,0.5
test0031.jpg,0.5
test0032.jpg,0.5
test0033.jpg,0.5
test0034.jpg,0.5
test0035.jpg,0.5
test0036.jpg,0.5
test0037.jpg,0.5
test0038.jpg,0.5
test0039.jpg,0.5
test0040.jpg,0.5
test0041.jpg,0.5
test0042.jpg,0.5
test0043.jpg,0.5
test0044.jpg,0.5
test0045.jpg,0.5
test0046.jpg,0.5
test0047.jpg,0.5
test0048.jpg,0.5
test0049.jpg,0.5
test0050.jpg,0.5
test0051.jpg,0.5
test0052.jpg,0.5
test0053.jpg,0.5
test0054.jpg,0.5
test0055.jpg,0.5
test0056.jpg,0.5
test0057.jpg,0.5
test0058.jpg,0.5
test0059.jpg,0.5
test0060.jpg,0.5
test0061.jpg,0.5
test0062.jpg,0.5
test0063.jpg,0.5
test0064.jpg,0.5
test0065.jpg,0.5
test0066.jpg,0.5
test0067.jpg,0.5
test0068.jpg,0.5
test0069.jpg,0.5
test0070.jpg,0.5
test0071.jpg,0.5
test0072.jpg,0.5
test0073.jpg,0.5
test0074.jpg,0.5
test0075.jpg,0.5
test0076.jpg,0.5
test0077.jpg,0.5
test0078.jpg,0.5
test0079.jpg,0.5
test0080.jpg,0.5
test0081.jpg,0.5
test0082.jpg,0.5
test0083.jpg,0.5
test0084.jpg,0.5
test0085.jpg,0.5
test0086.jpg,0.5
test0087.jpg,0.5
test0088.jpg,0.5
test0089.jpg,0.5
test0090.jpg,0.5
test0091.jpg,0.5
test0092.jpg,0.5
test0093.jpg,0.5
test0094.jpg,0.5
test0095.jpg,0.5
test0096.jpg,0.5
test0097.jpg,0.5
test0098.jpg,0.5
test0099.jpg,0.5
test0100.jpg,0.5
test0101.jpg,0.5
test0102.jpg,0.5
test0103.jpg,0.5
test0104.jpg,0.5
test0105.jpg,0.5
test0106.jpg,0.5
test0107.jpg,0.5
test0108.jpg,0.5
test0109.jpg,0.5
test0110.jpg,0.5
test0111.jpg,0.5
test0112.jpg,0.5
test0113.jpg,0.5
test0114.jpg,0.5
test0115.jpg,0.5
test0116.jpg,0.5
test0117.jpg,0.5
test0118.jpg,0.5
test0119.jpg,0.5
test0120.jpg,0.5
test0121.jpg,0.5
test0122.jpg,0.5
test0123.jpg,0.5
test0124.jpg,0.5
test0125.jpg,0.5
test0126.jpg,0.5
test0127.jpg,0.5
test0128.jpg,0.5
test0129.jpg,0.5
test0130.jpg,0.5
test0131.jpg,0.5
test0132.jpg,0.5
test0133.jpg,0.5
test0134.jpg,0.5
test0135.jpg,0.5
test0136.jpg,0.5
test0137.jpg,0.5
test0138.jpg,0.5
test0139.jpg,0.5
test0140.jpg,0.5
test0141.jpg,0.5
test0142.jpg,0.5
test0143.jpg,0.5
test0144.jpg,0.5
test0145.jpg,0.5
test0146.jpg,0.5
test0147.jpg,0.5
test0148.jpg,0.5
test0149.jpg,0.5
test0150.jpg,0.5
test0151.jpg,0.5
test0152.jpg,0.5
test0153.jpg,0.5
test0154.jpg,0.5
test0155.jpg,0.5
test0156.jpg,0.5
test0157.jpg,0.5
test0158.jpg,0.5
test0159.jpg,0.5
test0160.jpg,0.5
test0161.jpg,0.5
test0162.jpg,0.5
test0163.jpg,0.5
test0164.jpg,0.5
test0165.jpg,0.5
test0166.jpg,0.5
test0167.jpg,0.5
test0168.jpg,0.5
test0169.jpg,0.5
test0170.jpg,0.5
test0171.jpg,0.5
test0172.jpg,0.5
test0173.jpg,0.5
test0174.jpg,0.5
test0175.jpg,0.5
test0176.jpg,0.5
test0177.jpg,0.5
test0178.jpg,0.5
test0179.jpg,0.5
test0180.jpg,0.5
test0181.jpg,0.5
test0182.jpg,0.5
test0183.jpg,0.5
test0184.jpg,0.5
test0185.jpg,0.5
test0186.jpg,0.5
test0187.jpg,0.5
test0188.jpg,0.5
test0189.jpg,0.5
test0190.jpg,0.5
test0191.jpg,0.5
test0192.jpg,0.5
test0193.jpg,0.5
test0194.jpg,0.5
test0195.jpg,0.5
test0196.jpg,0.5
test0197.jpg,0.5
test0198.jpg,0.5
test0199.jpg,0.5
test0200.jpg,0.5
test0201.jpg,0.5
test0202.jpg,0.5
test0203.jpg,0.5
test0204.jpg,0.5
test0205.jpg,0.5
test0206.jpg,0.5
test0207.jpg,0.5
test0208.jpg,0.5
test0209.jpg,0.5
test0210.jpg,0.5
test0211.jpg,0.5
test0212.jpg,0.5
test0213.jpg,0.5
test0214.jpg,0.5
test0215.jpg,0.5
test0216.jpg,0.5
test0217.jpg,0.5
test0218.jpg,0.5
test0219.jpg,0.5
test0220.jpg,0.5
test0221.jpg,0.5
test0222.jpg,0.5
test0223.jpg,0.5
test0224.jpg,0.5
test0225.jpg,0.5
test0226.jpg,0.5
test0227.jpg,0.5
test0228.jpg,0.5
test0229.jpg,0.5
test0230.jpg,0.5
test0231.jpg,0.5
test0232.jpg,0.5
test0233.jpg,0.5
test0234.jpg,0.5
test0235.jpg,0.5
test0236.jpg,0.5
test0237.jpg,0.5
test0238.jpg,0.5
test0239.jpg,0.5
test0240.jpg,0.5
test0241.jpg,0.5
test0242.jpg,0.5
test0243.jpg,0.5
test0244.jpg,0.5
test0245.jpg,0.5
test0246.jpg,0.5
test0247.jpg,0.5
test0248.jpg,0.5
test0249.jpg,0.5
test0250.jpg,0.5
test0251.jpg,0.5
test0252.jpg,0.5
test0253.jpg,0.5
test0254.jpg,0.5
test0255.jpg,0.5
test0256.jpg,0.5
test0257.jpg,0.5
test0258.jpg,0.5
test0259.jpg,0.5
test0260.jpg,0.5
test0261.jpg,0.5
test0262.jpg,0.5
test0263.jpg,0.5
test0264.jpg,0.5
test0265.jpg,0.5
test0266.jpg,0.5
test0267.jpg,0.5
test0268.jpg,0.5
test0269.jpg,0.5
test0270.jpg,0.5
test0271.jpg,0.5
test0272.jpg,0.5
test0273.jpg,0.5
test0274.jpg,0.5
test0275.jpg,0.5
test0276.jpg,0.5
test0277.jpg,0.5
test0278.jpg,0.5
test0279.jpg,0.5
test0280.jpg,0.5
test0281.jpg,0.5
test0282.jpg,0.5
test0283.jpg,0.5
test0284.jpg,0.5
test0285.jpg,0.5
test0286.jpg,0.5
test0287.jpg,0.5
test0288.jpg,0.5
test0289.jpg,0.5
test0290.jpg,0.5
test0291.jpg,0.5
test0292.jpg,0.5
test0293.jpg,0.5
test0294.jpg,0.5
test0295.jpg,0.5
test0296.jpg,0.5
test0297.jpg,0.5
test0298.jpg,0.5
test0299.jpg,0.5
test0300.jpg,0.5
test0301.jpg,0.5
test0302.jpg,0.5
test0303.jpg,0.5
test0304.jpg,0.5
test0305.jpg,0.5
test0306.jpg,0.5
test0307.jpg,0.5
test0308.jpg,0.5
test0309.jpg,0.5
test0310.jpg,0.5
test0311.jpg,0.5
test0312.jpg,0.5
test0313.jpg,0.5
test0314.jpg,0.5
test0315.jpg,0.5
test0316.jpg,0.5
test0317.jpg,0.5
test0318.jpg,0.5
test0319.jpg,0.5
test0320.jpg,0.5
test0321.jpg,0.5
test0322.jpg,0.5
test0323.jpg,0.5
test0324.jpg,0.5
test0325.jpg,0.5
test0326.jpg,0.5
test0327.jpg,0.5
test0328.jpg,0.5
test0329.jpg,0.5
test0330.jpg,0.5
test0331.jpg,0.5
test0332.jpg,0.5
test0333.jpg,0.5
test0334.jpg,0.5
test0335.jpg,0.5
test0336.jpg,0.5
test0337.jpg,0.5
test0338.jpg,0.5
test0339.jpg,0.5
test0340.jpg,0.5
test0341.jpg,0.5
test0342.jpg,0.5
test0343.jpg,0.5
test0344.jpg,0.5
test0345.jpg,0.5
test0346.jpg,0.5
test0347.jpg,0.5
test0348.jpg,0.5
test0349.jpg,0.5
test0350.jpg,0.5
test0351.jpg,0.5
test0352.jpg,0.5
test0353.jpg,0.5
test0354.jpg,0.5
test0355.jpg,0.5
test0356.jpg,0.5
test0357.jpg,0.5
test0358.jpg,0.5
test0359.jpg,0.5
test0360.jpg,0.5
test0361.jpg,0.5
test0362.jpg,0.5
test0363.jpg,0.5
test0364.jpg,0.5
test0365.jpg,0.5
test0366.jpg,0.5
test0367.jpg,0.5
test0368.jpg,0.5
test0369.jpg,0.5
test0370.jpg,0.5
test0371.jpg,0.5
test0372.jpg,0.5
test0373.jpg,0.5
test0374.jpg,0.5
test0375.jpg,0.5
test0376.jpg,0.5
test0377.jpg,0.5
test0378.jpg,0.5
test0379.jpg,0.5
test0380.jpg,0.5
test0381.jpg,0.5
test0382.jpg,0.5
test0383.jpg,0.5
test0384.jpg,0.5
test0385.jpg,0.5
test0386.jpg,0.5
test0387.jpg,0.5
test0388.jpg,0.5
test0389.jpg,0.5
test0390.jpg,0.5
test0391.jpg,0.5
test0392.jpg,0.5
test0393.jpg,0.5
test0394.jpg,0.5
test0395.jpg,0.5
test0396.jpg,0.5
test0397.jpg,0.5
test0398.jpg,0.5
test0399.jpg,0.5
test0400.jpg,0.5
test0401.jpg,0.5
test0402.jpg,0.5
test0403.jpg,0.5
test0404.jpg,0.5
test0405.jpg,0.5
test0406.jpg,0.5
test0407.jpg,0.5
test0408.jpg,0.5
test0409.jpg,0.5
test0410.jpg,0.5
test0411.jpg,0.5
test0412.jpg,0.5
test0413.jpg,0.5
test0414.jpg,0.5
test0415.jpg,0.5
test0416.jpg,0.5
test0417.jpg,0.5
test0418.jpg,0.5
test0419.jpg,0.5
test0420.jpg,0.5
test0421.jpg,0.5
test0422.jpg,0.5
test0423.jpg,0.5
test0424.jpg,0.5
test0425.jpg,0.5
test0426.jpg,0.5
test0427.jpg,0.5
test0428.jpg,0.5
test0429.jpg,0.5
test0430.jpg,0.5
test0431.jpg,0.5
test0432.jpg,0.5
test0433.jpg,0.5
test0434.jpg,0.5
test0435.jpg,0.5
test0436.jpg,0.5
test0437.jpg,0.5
test0438.jpg,0.5
test0439.jpg,0.5
test0440.jpg,0.5
test0441.jpg,0.5
test0442.jpg,0.5
test0443.jpg,0.5
test0444.jpg,0.5
test0445.jpg,0.5
test0446.jpg,0.5
test0447.jpg,0.5
test0448.jpg,0.5
test0449.jpg,0.5
test0450.jpg,0.5
test0451.jpg,0.5
test0452.jpg,0.5
test0453.jpg,0.5
test0454.jpg,0.5
test0455.jpg,0.5
test0456.jpg,0.5
test0457.jpg,0.5
test0458.jpg,0.5
test0459.jpg,0.5
test0460.jpg,0.5
test0461.jpg,0.5
test0462.jpg,0.5
test0463.jpg,0.5
test0464.jpg,0.5
test0465.jpg,0.5
test0466.jpg,0.5
test0467.jpg,0.5
test0468.jpg,0.5
test0469.jpg,0.5
test0470.jpg,0.5
test0471.jpg,0.5
test0472.jpg,0.5
test0473.jpg,0.5
test0474.jpg,0.5
test0475.jpg,0.5
test0476.jpg,0.5
test0477.jpg,0.5
test0478.jpg,0.5
test0479.jpg,0.5
test0480.jpg,0.5
test0481.jpg,0.5
test0482.jpg,0.5
test0483.jpg,0.5
test0484.jpg,0.5
test0485.jpg,0.5
test0486.jpg,0.5
test0487.jpg,0.5
test0488.jpg,0.5
test0489.jpg,0.5
test0490.jpg,0.5
test0491.jpg,0.5
test0492.jpg,0.5
test0493.jpg,0.5
test0494.jpg,0.5
test0495.jpg,0.5
test0496.jpg,0.5
test0497.jpg,0.5
test0498.jpg,0.5
test0499.jpg,0.5
test0500.jpg,0.5
test0501.jpg,0.5
test0502.jpg,0.5
test0503.jpg,0.5
test0504.jpg,0.5
test0505.jpg,0.5
test0506.jpg,0.5
test0507.jpg,0.5
test0508.jpg,0.5
test0509.jpg,0.5
test0510.jpg,0.5
test0511.jpg,0.5
test0512.jpg,0.5
test0513.jpg,0.5
test0514.jpg,0.5
test0515.jpg,0.5
test0516.jpg,0.5
test0517.jpg,0.5
test0518.jpg,0.5
test0519.jpg,0.5
test0520.jpg,0.5
test0521.jpg,0.5
test0522.jpg,0.5
test0523.jpg,0.5
test0524.jpg,0.5
test0525.jpg,0.5
test0526.jpg,0.5
test0527.jpg,0.5
test0528.jpg,0.5
test0529.jpg,0.5
test0530.jpg,0.5
test0531.jpg,0.5
test0532.jpg,0.5
test0533.jpg,0.5
test0534.jpg,0.5
test0535.jpg,0.5
test0536.jpg,0.5
test0537.jpg,0.5
test0538.jpg,0.5
test0539.jpg,0.5
test0540.jpg,0.5
test0541.jpg,0.5
test0542.jpg,0.5
test0543.jpg,0.5
test0544.jpg,0.5
test0545.jpg,0.5
test0546.jpg,0.5
test0547.jpg,0.5
test0548.jpg,0.5
test0549.jpg,0.5
test0550.jpg,0.5
test0551.jpg,0.5
test0552.jpg,0.5
test0553.jpg,0.5
test0554.jpg,0.5
test0555.jpg,0.5
test0556.jpg,0.5
test0557.jpg,0.5
test0558.jpg,0.5
test0559.jpg,0.5
test0560.jpg,0.5
test0561.jpg,0.5
test0562.jpg,0.5
test0563.jpg,0.5
test0564.jpg,0.5
test0565.jpg,0.5
test0566.jpg,0.5
test0567.jpg,0.5
test0568.jpg,0.5
test0569.jpg,0.5
test0570.jpg,0.5
test0571.jpg,0.5
test0572.jpg,0.5
test0573.jpg,0.5
test0574.jpg,0.5
test0575.jpg,0.5
test0576.jpg,0.5
test0577.jpg,0.5
test0578.jpg,0.5
test0579.jpg,0.5
test0580.jpg,0.5
test0581.jpg,0.5
test0582.jpg,0.5
test0583.jpg,0.5
test0584.jpg,0.5
test0585.jpg,0.5
test0586.jpg,0.5
test0587.jpg,0.5
test0588.jpg,0.5
test0589.jpg,0.5
test0590.jpg,0.5
test0591.jpg,0.5
test0592.jpg,0.5
test0593.jpg,0.5
test0594.jpg,0.5
test0595.jpg,0.5
test0596.jpg,0.5
test0597.jpg,0.5
test0598.jpg,0.5
test0599.jpg,0.5
test0600.jpg,0.5
test0601.jpg,0.5
test0602.jpg,0.5
test0603.jpg,0.5
test0604.jpg,0.5
test0605.jpg,0.5
test0606.jpg,0.5
test0607.jpg,0.5
test0608.jpg,0.5
test0609.jpg,0.5
test0610.jpg,0.5
test0611.jpg,0.5
test0612.jpg,0.5
test0613.jpg,0.5
test0614.jpg,0.5
test0615.jpg,0.5
test0616.jpg,0.5
test0617.jpg,0.5
test0618.jpg,0.5
test0619.jpg,0.5
test0620.jpg,0.5
test0621.jpg,0.5
test0622.jpg,0.5
test0623.jpg,0.5
test0624.jpg,0.5
test0625.jpg,0.5
test0626.jpg,0.5
test0627.jpg,0.5
test0628.jpg,0.5
test0629.jpg,0.5
test0630.jpg,0.5
test0631.jpg,0.5
test0632.jpg,0.5
test0633.jpg,0.5
test0634.jpg,0.5
test0635.jpg,0.5
test0636.jpg,0.5
test0637.jpg,0.5
test0638.jpg,0.5
test0639.jpg,0.5
test0640.jpg,0.5
test0641.jpg,0.5
test0642.jpg,0.5
test0643.jpg,0.5
test0644.jpg,0.5
test0645.jpg,0.5
test0646.jpg,0.5
test0647.jpg,0.5
test0648.jpg,0.5
test0649.jpg,0.5
test0650.jpg,0.5
test0651.jpg,0.5
test0652.jpg,0.5
test0653.jpg,0.5
test0654.jpg,0.5
test0655.jpg,0.5
test0656.jpg,0.5
test0657.jpg,0.5
test0658.jpg,0.5
test0659.jpg,0.5
test0660.jpg,0.5
test0661.jpg,0.5
test0662.jpg,0.5
test0663.jpg,0.5
test0664.jpg,0.5
test0665.jpg,0.5
test0666.jpg,0.5
test0667.jpg,0.5
test0668.jpg,0.5
test0669.jpg,0.5
test0670.jpg,0.5
test0671.jpg,0.5
test0672.jpg,0.5
test0673.jpg,0.5
test0674.jpg,0.5
test0675.jpg,0.5
test0676.jpg,0.5
test0677.jpg,0.5
test0678.jpg,0.5
test0679.jpg,0.5
test0680.jpg,0.5
test0681.jpg,0.5
test0682.jpg,0.5
test0683.jpg,0.5
test0684.jpg,0.5
test0685.jpg,0.5
test0686.jpg,0.5
test0687.jpg,0.5
test0688.jpg,0.5
test0689.jpg,0.5
test0690.jpg,0.5
test0691.jpg,0.5
test0692.jpg,0.5
test0693.jpg,0.5
test0694.jpg,0.5
test0695.jpg,0.5
test0696.jpg,0.5
test0697.jpg,0.5
test0698.jpg,0.5
test0699.jpg,0.5
test0700.jpg,0.5
test0701.jpg,0.5
test0702.jpg,0.5
test0703.jpg,0.5
test0704.jpg,0.5
test0705.jpg,0.5
test0706.jpg,0.5
test0707.jpg,0.5
test0708.jpg,0.5
test0709.jpg,0.5
test0710.jpg,0.5
test0711.jpg,0.5
test0712.jpg,0.5
test0713.jpg,0.5
test0714.jpg,0.5
test0715.jpg,0.5
test0716.jpg,0.5
test0717.jpg,0.5
test0718.jpg,0.5
test0719.jpg,0.5
test0720.jpg,0.5
test0721.jpg,0.5
test0722.jpg,0.5
test0723.jpg,0.5
test0724.jpg,0.5
test0725.jpg,0.5
test0726.jpg,0.5
test0727.jpg,0.5
test0728.jpg,0.5
test0729.jpg,0.5
test0730.jpg,0.5
test0731.jpg,0.5
test0732.jpg,0.5
test0733.jpg,0.5
test0734.jpg,0.5
test0735.jpg,0.5
test0736.jpg,0.5
test0737.jpg,0.5
test0738.jpg,0.5
test0739.jpg,0.5
test0740.jpg,0.5
test0741.jpg,0.5
test0742.jpg,0.5
test0743.jpg,0.5
test0744.jpg,0.5
test0745.jpg,0.5
test0746.jpg,0.5
test0747.jpg,0.5
test0748.jpg,0.5
test0749.jpg,0.5
test0750.jpg,0.5
test0751.jpg,0.5
test0752.jpg,0.5
test0753.jpg,0.5
test0754.jpg,0.5
test0755.jpg,0.5
test0756.jpg,0.5
test0757.jpg,0.5
test0758.jpg,0.5
test0759.jpg,0.5
test0760.jpg,0.5
test0761.jpg,0.5
test0762.jpg,0.5
test0763.jpg,0.5
test0764.jpg,0.5
test0765.jpg,0.5
test0766.jpg,0.5
test0767.jpg,0.5
test0768.jpg,0.5
test0769.jpg,0.5
test0770.jpg,0.5
test0771.jpg,0.5
test0772.jpg,0.5
test0773.jpg,0.5
test0774.jpg,0.5
test0775.jpg,0.5
test0776.jpg,0.5
test0777.jpg,0.5
test0778.jpg,0.5
test0779.jpg,0.5
test0780.jpg,0.5
test0781.jpg,0.5
test0782.jpg,0.5
test0783.jpg,0.5
test0784.jpg,0.5
test0785.jpg,0.5
test0786.jpg,0.5
test0787.jpg,0.5
test0788.jpg,0.5
test0789.jpg,0.5
test0790.jpg,0.5
test0791.jpg,0.5
test0792.jpg,0.5
test0793.jpg,0.5
test0794.jpg,0.5
test0795.jpg,0.5
test0796.jpg,0.5
test0797.jpg,0.5
test0798.jpg,0.5
test0799.jpg,0.5
test0800.jpg,0.5
test0801.jpg,0.5
test0802.jpg,0.5
test0803.jpg,0.5
test0804.jpg,0.5
test0805.jpg,0.5
test0806.jpg,0.5
test0807.jpg,0.5
test0808.jpg,0.5
test0809.jpg,0.5
test0810.jpg,0.5
test0811.jpg,0.5
test0812.jpg,0.5
test0813.jpg,0.5
test0814.jpg,0.5
test0815.jpg,0.5
test0816.jpg,0.5
test0817.jpg,0.5
test0818.jpg,0.5
test0819.jpg,0.5
test0820.jpg,0.5
test0821.jpg,0.5
test0822.jpg,0.5
test0823.jpg,0.5
test0824.jpg,0.5
test0825.jpg,0.5
test0826.jpg,0.5
test0827.jpg,0.5
test0828.jpg,0.5
test0829.jpg,0.5
test0830.jpg,0.5
test0831.jpg,0.5
test0832.jpg,0.5
test0833.jpg,0.5
test0834.jpg,0.5
test0835.jpg,0.5
test0836.jpg,0.5
test0837.jpg,0.5
test0838.jpg,0.5
test0839.jpg,0.5
test0840.jpg,0.5
test0841.jpg,0.5
test0842.jpg,0.5
test0843.jpg,0.5
test0844.jpg,0.5
test0845.jpg,0.5
test0846.jpg,0.5
test0847.jpg,0.5
test0848.jpg,0.5
test0849.jpg,0.5
test0850.jpg,0.5
test0851.jpg,0.5
test0852.jpg,0.5
test0853.jpg,0.5
test0854.jpg,0.5
test0855.jpg,0.5
test0856.jpg,0.5
test0857.jpg,0.5
test0858.jpg,0.5
test0859.jpg,0.5
test0860.jpg,0.5
test0861.jpg,0.5
test0862.jpg,0.5
test0863.jpg,0.5
test0864.jpg,0.5
test0865.jpg,0.5
test0866.jpg,0.5
test0867.jpg,0.5
test0868.jpg,0.5
test0869.jpg,0.5
test0870.jpg,0.5
test0871.jpg,0.5
test0872.jpg,0.5
test0873.jpg,0.5
test0874.jpg,0.5
test0875.jpg,0.5
test0876.jpg,0.5
test0877.jpg,0.5
test0878.jpg,0.5
test0879.jpg,0.5
test0880.jpg,0.5
test0881.jpg,0.5
test0882.jpg,0.5
test0883.jpg,0.5
test0884.jpg,0.5
test0885.jpg,0.5
test0886.jpg,0.5
test0887.jpg,0.5
test0888.jpg,0.5
test0889.jpg,0.5
test0890.jpg,0.5
test0891.jpg,0.5
test0892.jpg,0.5
test0893.jpg,0.5
test0894.jpg,0.5
test0895.jpg,0.5
test0896.jpg,0.5
test0897.jpg,0.5
test0898.jpg,0.5
test0899.jpg,0.5
test0900.jpg,0.5
test0901.jpg,0.5
test0902.jpg,0.5
test0903.jpg,0.5
test0904.jpg,0.5
test0905.jpg,0.5
test0906.jpg,0.5
test0907.jpg,0.5
test0908.jpg,0.5
test0909.jpg,0.5
test0910.jpg,0.5
test0911.jpg,0.5
test0912.jpg,0.5
test0913.jpg,0.5
test0914.jpg,0.5
test0915.jpg,0.5
test0916.jpg,0.5
test0917.jpg,0.5
test0918.jpg,0.5
test0919.jpg,0.5
test0920.jpg,0.5
test0921.jpg,0.5
test0922.jpg,0.5
test0923.jpg,0.5
test0924.jpg,0.5
test0925.jpg,0.5
test0926.jpg,0.5
test0927.jpg,0.5
test0928.jpg,0.5
test0929.jpg,0.5
test0930.jpg,0.5
test0931.jpg,0.5
test0932.jpg,0.5
test0933.jpg,0.5
test0934.jpg,0.5
test0935.jpg,0.5
test0936.jpg,0.5
test0937.jpg,0.5
test0938.jpg,0.5
test0939.jpg,0.5
test0940.jpg,0.5
test0941.jpg,0.5
test0942.jpg,0.5
test0943.jpg,0.5
test0944.jpg,0.5
test0945.jpg,0.5
test0946.jpg,0.5
test0947.jpg,0.5
test0948.jpg,0.5
test0949.jpg,0.5
test0950.jpg,0.5
test0951.jpg,0.5
test0952.jpg,0.5
test0953.jpg,0.5
test0954.jpg,0.5
test0955.jpg,0.5
test0956.jpg,0.5
test0957.jpg,0.5
test0958.jpg,0.5
test0959.jpg,0.5
test0960.jpg,0.5
test0961.jpg,0.5
test0962.jpg,0.5
test0963.jpg,0.5
test0964.jpg,0.5
test0965.jpg,0.5
test0966.jpg,0.5
test0967.jpg,0.5
test0968.jpg,0.5
test0969.jpg,0.5
test0970.jpg,0.5
test0971.jpg,0.5
test0972.jpg,0.5
test0973.jpg,0.5
test0974.jpg,0.5
test0975.jpg,0.5
test0976.jpg,0.5
test0977.jpg,0.5
test0978.jpg,0.5
test0979.jpg,0.5
test0980.jpg,0.5
test0981.jpg,0.5
test0982.jpg,0.5
test0983.jpg,0.5
test0984.jpg,0.5
test0985.jpg,0.5
test0986.jpg,0.5
test0987.jpg,0.5
test0988.jpg,0.5
test0989.jpg,0.5
test0990.jpg,0.5
test0991.jpg,0.5
test0992.jpg,0.5
test0993.jpg,0.5
test0994.jpg,0.5
test0995.jpg,0.5
test0996.jpg,0.5
test0997.jpg,0.5
test0998.jpg,0.5
test0999.jpg,0.5
test1000.jpg,0.5
test1001.jpg,0.5
test1002.jpg,0.5
test1003.jpg,0.5
test1004.jpg,0.5
test1005.jpg,0.5
test1006.jpg,0.5
test1007.jpg,0.5
test1008.jpg,0.5
test1009.jpg,0.5
test1010.jpg,0.5
test1011.jpg,0.5
test1012.jpg,0.5
test1013.jpg,0.5
test1014.jpg,0.5
test1015.jpg,0.5
test1016.jpg,0.5
test1017.jpg,0.5
test1018.jpg,0.5
test1019.jpg,0.5
test1020.jpg,0.5
test1021.jpg,0.5
test1022.jpg,0.5
test1023.jpg,0.5
test1024.jpg,0.5
test1025.jpg,0.5
test1026.jpg,0.5
test1027.jpg,0.5
test1028.jpg,0.5
test1029.jpg,0.5
test1030.jpg,0.5
test1031.jpg,0.5
test1032.jpg,0.5
test1033.jpg,0.5
test1034.jpg,0.5
test1035.jpg,0.5
test1036.jpg,0.5
test1037.jpg,0.5
test1038.jpg,0.5
test1039.jpg,0.5
test1040.jpg,0.5
test1041.jpg,0.5
test1042.jpg,0.5
test1043.jpg,0.5
test1044.jpg,0.5
test1045.jpg,0.5
test1046.jpg,0.5
test1047.jpg,0.5
test1048.jpg,0.5
test1049.jpg,0.5
test1050.jpg,0.5
test1051.jpg,0.5
test1052.jpg,0.5
test1053.jpg,0.5
test1054.jpg,0.5
test1055.jpg,0.5
test1056.jpg,0.5
test1057.jpg,0.5
test1058.jpg,0.5
test1059.jpg,0.5
test1060.jpg,0.5
test1061.jpg,0.5
test1062.jpg,0.5
test1063.jpg,0.5
test1064.jpg,0.5
test1065.jpg,0.5
test1066.jpg,0.5
test1067.jpg,0.5
test1068.jpg,0.5
test1069.jpg,0.5
test1070.jpg,0.5
test1071.jpg,0.5
test1072.jpg,0.5
test1073.jpg,0.5
test1074.jpg,0.5
test1075.jpg,0.5
test1076.jpg,0.5
test1077.jpg,0.5
test1078.jpg,0.5
test1079.jpg,0.5
test1080.jpg,0.5
test1081.jpg,0.5
test1082.jpg,0.5
test1083.jpg,0.5
test1084.jpg,0.5
test1085.jpg,0.5
test1086.jpg,0.5
test1087.jpg,0.5
test1088.jpg,0.5
test1089.jpg,0.5
test1090.jpg,0.5
test1091.jpg,0.5
test1092.jpg,0.5
test1093.jpg,0.5
test1094.jpg,0.5
test1095.jpg,0.5
test1096.jpg,0.5
test1097.jpg,0.5
test1098.jpg,0.5
test1099.jpg,0.5
test1100.jpg,0.5
test1101.jpg,0.5
test1102.jpg,0.5
test1103.jpg,0.5
test1104.jpg,0.5
test1105.jpg,0.5
test1106.jpg,0.5
test1107.jpg,0.5
test1108.jpg,0.5
test1109.jpg,0.5
test1110.jpg,0.5
test1111.jpg,0.5
test1112.jpg,0.5
test1113.jpg,0.5
test1114.jpg,0.5
test1115.jpg,0.5
test1116.jpg,0.5
test1117.jpg,0.5
test1118.jpg,0.5
test1119.jpg,0.5
test1120.jpg,0.5
test1121.jpg,0.5
test1122.jpg,0.5
test1123.jpg,0.5
test1124.jpg,0.5
test1125.jpg,0.5
test1126.jpg,0.5
test1127.jpg,0.5
test1128.jpg,0.5
test1129.jpg,0.5
test1130.jpg,0.5
test1131.jpg,0.5
test1132.jpg,0.5
test1133.jpg,0.5
test1134.jpg,0.5
test1135.jpg,0.5
test1136.jpg,0.5
test1137.jpg,0.5
test1138.jpg,0.5
test1139.jpg,0.5
test1140.jpg,0.5
test1141.jpg,0.5
test1142.jpg,0.5
test1143.jpg,0.5
test1144.jpg,0.5
test1145.jpg,0.5
test1146.jpg,0.5
test1147.jpg,0.5
test1148.jpg,0.5
test1149.jpg,0.5
test1150.jpg,0.5
test1151.jpg,0.5
test1152.jpg,0.5
test1153.jpg,0.5
test1154.jpg,0.5
test1155.jpg,0.5
test1156.jpg,0.5
test1157.jpg,0.5
test1158.jpg,0.5
test1159.jpg,0.5
test1160.jpg,0.5
test1161.jpg,0.5
test1162.jpg,0.5
test1163.jpg,0.5
test1164.jpg,0.5
test1165.jpg,0.5
test1166.jpg,0.5
test1167.jpg,0.5
test1168.jpg,0.5
test1169.jpg,0.5
test1170.jpg,0.5
test1171.jpg,0.5
test1172.jpg,0.5
test1173.jpg,0.5
test1174.jpg,0.5
test1175.jpg,0.5
test1176.jpg,0.5
test1177.jpg,0.5
test1178.jpg,0.5
test1179.jpg,0.5
test1180.jpg,0.5
test1181.jpg,0.5
test1182.jpg,0.5
test1183.jpg,0.5
test1184.jpg,0.5
test1185.jpg,0.5
test1186.jpg,0.5
test1187.jpg,0.5
test1188.jpg,0.5
test1189.jpg,0.5
test1190.jpg,0.5
test1191.jpg,0.5
test1192.jpg,0.5
test1193.jpg,0.5
test1194.jpg,0.5
test1195.jpg,0.5
test1196.jpg,0.5
test1197.jpg,0.5
test1198.jpg,0.5
test1199.jpg,0.5
test1200.jpg,0.5
test1201.jpg,0.5
test1202.jpg,0.5
test1203.jpg,0.5
test1204.jpg,0.5
test1205.jpg,0.5
test1206.jpg,0.5
test1207.jpg,0.5
test1208.jpg,0.5
test1209.jpg,0.5
test1210.jpg,0.5
test1211.jpg,0.5
test1212.jpg,0.5
test1213.jpg,0.5
test1214.jpg,0.5
test1215.jpg,0.5
test1216.jpg,0.5
test1217.jpg,0.5
test1218.jpg,0.5
test1219.jpg,0.5
test1220.jpg,0.5
test1221.jpg,0.5
test1222.jpg,0.5
test1223.jpg,0.5
test1224.jpg,0.5
test1225.jpg,0.5
test1226.jpg,0.5
test1227.jpg,0.5
test1228.jpg,0.5
test1229.jpg,0.5
test1230.jpg,0.5
test1231.jpg,0.5
test1232.jpg,0.5
test1233.jpg,0.5
test1234.jpg,0.5
test1235.jpg,0.5
test1236.jpg,0.5
test1237.jpg,0.5
test1238.jpg,0.5
test1239.jpg,0.5
test1240.jpg,0.5
test1241.jpg,0.5
test1242.jpg,0.5
test1243.jpg,0.5
test1244.jpg,0.5
test1245.jpg,0.5
test1246.jpg,0.5
test1247.jpg,0.5
test1248.jpg,0.5
test1249.jpg,0.5
test1250.jpg,0.5
test1251.jpg,0.5
test1252.jpg,0.5
test1253.jpg,0.5
test1254.jpg,0.5
test1255.jpg,0.5
test1256.jpg,0.5
test1257.jpg,0.5
test1258.jpg,0.5
test1259.jpg,0.5
test1260.jpg,0.5
test1261.jpg,0.5
test1262.jpg,0.5
test1263.jpg,0.5
test1264.jpg,0.5
test1265.jpg,0.5
test1266.jpg,0.5
test1267.jpg,0.5
test1268.jpg,0.5
test1269.jpg,0.5
test1270.jpg,0.5
test1271.jpg,0.5
test1272.jpg,0.5
test1273.jpg,0.5
test1274.jpg,0.5
test1275.jpg,0.5
test1276.jpg,0.5
test1277.jpg,0.5
test1278.jpg,0.5
test1279.jpg,0.5
test1280.jpg,0.5
test1281.jpg,0.5
test1282.jpg,0.5
test1283.jpg,0.5
test1284.jpg,0.5
test1285.jpg,0.5
test1286.jpg,0.5
test1287.jpg,0.5
test1288.jpg,0.5
test1289.jpg,0.5
test1290.jpg,0.5
test1291.jpg,0.5
test1292.jpg,0.5
test1293.jpg,0.5
test1294.jpg,0.5
test1295.jpg,0.5
test1296.jpg,0.5
test1297.jpg,0.5
test1298.jpg,0.5
test1299.jpg,0.5
test1300.jpg,0.5
test1301.jpg,0.5
test1302.jpg,0.5
test1303.jpg,0.5
test1304.jpg,0.5
test1305.jpg,0.5
test1306.jpg,0.5
test1307.jpg,0.5
test1308.jpg,0.5
test1309.jpg,0.5
test1310.jpg,0.5
test1311.jpg,0.5
test1312.jpg,0.5
test1313.jpg,0.5
test1314.jpg,0.5
test1315.jpg,0.5
test1316.jpg,0.5
test1317.jpg,0.5
test1318.jpg,0.5
test1319.jpg,0.5
test1320.jpg,0.5
test1321.jpg,0.5
test1322.jpg,0.5
test1323.jpg,0.5
test1324.jpg,0.5
test1325.jpg,0.5
test1326.jpg,0.5
test1327.jpg,0.5
test1328.jpg,0.5
test1329.jpg,0.5
test1330.jpg,0.5
test1331.jpg,0.5
test1332.jpg,0.5
test1333.jpg,0.5
test1334.jpg,0.5
test1335.jpg,0.5
test1336.jpg,0.5
test1337.jpg,0.5
test1338.jpg,0.5
test1339.jpg,0.5
test1340.jpg,0.5
test1341.jpg,0.5
test1342.jpg,0.5
test1343.jpg,0.5
test1344.jpg,0.5
test1345.jpg,0.5
test1346.jpg,0.5
test1347.jpg,0.5
test1348.jpg,0.5
test1349.jpg,0.5
test1350.jpg,0.5
test1351.jpg,0.5
test1352.jpg,0.5
test1353.jpg,0.5
test1354.jpg,0.5
test1355.jpg,0.5
test1356.jpg,0.5
test1357.jpg,0.5
test1358.jpg,0.5
test1359.jpg,0.5
test1360.jpg,0.5
test1361.jpg,0.5
test1362.jpg,0.5
test1363.jpg,0.5
test1364.jpg,0.5
test1365.jpg,0.5
test1366.jpg,0.5
test1367.jpg,0.5
test1368.jpg,0.5
test1369.jpg,0.5
test1370.jpg,0.5
test1371.jpg,0.5
test1372.jpg,0.5
test1373.jpg,0.5
test1374.jpg,0.5
test1375.jpg,0.5
test1376.jpg,0.5
test1377.jpg,0.5
test1378.jpg,0.5
test1379.jpg,0.5
test1380.jpg,0.5
test1381.jpg,0.5
test1382.jpg,0.5
test1383.jpg,0.5
test1384.jpg,0.5
test1385.jpg,0.5
test1386.jpg,0.5
test1387.jpg,0.5
test1388.jpg,0.5
test1389.jpg,0.5
test1390.jpg,0.5
test1391.jpg,0.5
test1392.jpg,0.5
test1393.jpg,0.5
test1394.jpg,0.5
test1395.jpg,0.5
test1396.jpg,0.5
test1397.jpg,0.5
test1398.jpg,0.5
test1399.jpg,0.5
test1400.jpg,0.5
test1401.jpg,0.5
test1402.jpg,0.5
test1403.jpg,0.5
test1404.jpg,0.5
test1405.jpg,0.5
test1406.jpg,0.5
test1407.jpg,0.5
test1408.jpg,0.5
test1409.jpg,0.5
test1410.jpg,0.5
test1411.jpg,0.5
test1412.jpg,0.5
test1413.jpg,0.5
test1414.jpg,0.5
test1415.jpg,0.5
test1416.jpg,0.5
test1417.jpg,0.5
test1418.jpg,0.5
test1419.jpg,0.5
test1420.jpg,0.5
test1421.jpg,0.5
test1422.jpg,0.5
test1423.jpg,0.5
test1424.jpg,0.5
test1425.jpg,0.5
test1426.jpg,0.5
test1427.jpg,0.5
test1428.jpg,0.5
test1429.jpg,0.5
test1430.jpg,0.5
test1431.jpg,0.5
test1432.jpg,0.5
test1433.jpg,0.5
test1434.jpg,0.5
test1435.jpg,0.5
test1436.jpg,0.5
test1437.jpg,0.5
test1438.jpg,0.5
test1439.jpg,0.5
test1440.jpg,0.5
test1441.jpg,0.5
test1442.jpg,0.5
test1443.jpg,0.5
test1444.jpg,0.5
test1445.jpg,0.5
test1446.jpg,0.5
test1447.jpg,0.5
test1448.jpg,0.5
test1449.jpg,0.5
test1450.jpg,0.5
test1451.jpg,0.5
test1452.jpg,0.5
test1453.jpg,0.5
test1454.jpg,0.5
test1455.jpg,0.5
test1456.jpg,0.5
test1457.jpg,0.5
test1458.jpg,0.5
test1459.jpg,0.5
test1460.jpg,0.5
test1461.jpg,0.5
test1462.jpg,0.5
test1463.jpg,0.5
test1464.jpg,0.5
test1465.jpg,0.5
test1466.jpg,0.5
test1467.jpg,0.5
test1468.jpg,0.5
test1469.jpg,0.5
test1470.jpg,0.5
test1471.jpg,0.5
test1472.jpg,0.5
test1473.jpg,0.5
test1474.jpg,0.5
test1475.jpg,0.5
test1476.jpg,0.5
test1477.jpg,0.5
test1478.jpg,0.5
test1479.jpg,0.5
test1480.jpg,0.5
test1481.jpg,0.5
test1482.jpg,0.5
test1483.jpg,0.5
test1484.jpg,0.5
test1485.jpg,0.5
test1486.jpg,0.5
test1487.jpg,0.5
test1488.jpg,0.5
test1489.jpg,0.5
test1490.jpg,0.5
test1491.jpg,0.5
test1492.jpg,0.5
test1493.jpg,0.5
test1494.jpg,0.5
test1495.jpg,0.5
test1496.jpg,0.5
test1497.jpg,0.5
test1498.jpg,0.5
test1499.jpg,0.5
test1500.jpg,0.5
test1501.jpg,0.5
test1502.jpg,0.5
test1503.jpg,0.5
test1504.jpg,0.5
test1505.jpg,0.5
test1506.jpg,0.5
test1507.jpg,0.5
test1508.jpg,0.5
test1509.jpg,0.5
test1510.jpg,0.5
test1511.jpg,0.5
test1512.jpg,0.5
test1513.jpg,0.5
test1514.jpg,0.5
test1515.jpg,0.5
test1516.jpg,0.5
test1517.jpg,0.5
test1518.jpg,0.5
test1519.jpg,0.5
test1520.jpg,0.5
test1521.jpg,0.5
test1522.jpg,0.5
test1523.jpg,0.5
test1524.jpg,0.5
test1525.jpg,0.5
test1526.jpg,0.5
test1527.jpg,0.5
test1528.jpg,0.5
test1529.jpg,0.5
test1530.jpg,0.5
test1531.jpg,0.5
test1532.jpg,0.5
test1533.jpg,0.5
test1534.jpg,0.5
test1535.jpg,0.5
test1536.jpg,0.5
test1537.jpg,0.5
test1538.jpg,0.5
test1539.jpg,0.5
test1540.jpg,0.5
test1541.jpg,0.5
test1542.jpg,0.5
test1543.jpg,0.5
test1544.jpg,0.5
test1545.jpg,0.5
test1546.jpg,0.5
test1547.jpg,0.5
test1548.jpg,0.5
test1549.jpg,0.5
test1550.jpg,0.5
test1551.jpg,0.5
test1552.jpg,0.5
test1553.jpg,0.5
test1554.jpg,0.5
test1555.jpg,0.5
test1556.jpg,0.5
test1557.jpg,0.5
test1558.jpg,0.5
test1559.jpg,0.5
test1560.jpg,0.5
test1561.jpg,0.5
test1562.jpg,0.5
test1563.jpg,0.5
test1564.jpg,0.5
test1565.jpg,0.5
test1566.jpg,0.5
test1567.jpg,0.5
test1568.jpg,0.5
test1569.jpg,0.5
test1570.jpg,0.5
test1571.jpg,0.5
test1572.jpg,0.5
test1573.jpg,0.5
test1574.jpg,0.5
test1575.jpg,0.5
test1576.jpg,0.5
test1577.jpg,0.5
test1578.jpg,0.5
test1579.jpg,0.5
test1580.jpg,0.5
test1581.jpg,0.5
test1582.jpg,0.5
test1583.jpg,0.5
test1584.jpg,0.5
test1585.jpg,0.5
test1586.jpg,0.5
test1587.jpg,0.5
test1588.jpg,0.5
test1589.jpg,0.5
test1590.jpg,0.5
test1591.jpg,0.5
test1592.jpg,0.5
test1593.jpg,0.5
test1594.jpg,0.5
test1595.jpg,0.5
test1596.jpg,0.5
test1597.jpg,0.5
test1598.jpg,0.5
test1599.jpg,0.5
test1600.jpg,0.5
test1601.jpg,0.5
test1602.jpg,0.5
test1603.jpg,0.5
test1604.jpg,0.5
test1605.jpg,0.5
test1606.jpg,0.5
test1607.jpg,0.5
test1608.jpg,0.5
test1609.jpg,0.5
test1610.jpg,0.5
test1611.jpg,0.5
test1612.jpg,0.5
test1613.jpg,0.5
test1614.jpg,0.5
test1615.jpg,0.5
test1616.jpg,0.5
test1617.jpg,0.5
test1618.jpg,0.5
test1619.jpg,0.5
test1620.jpg,0.5
test1621.jpg,0.5
test1622.jpg,0.5
test1623.jpg,0.5
test1624.jpg,0.5
test1625.jpg,0.5
test1626.jpg,0.5
test1627.jpg,0.5
test1628.jpg,0.5
test1629.jpg,0.5
test1630.jpg,0.5
test1631.jpg,0.5
test1632.jpg,0.5
test1633.jpg,0.5
test1634.jpg,0.5
test1635.jpg,0.5
test1636.jpg,0.5
test1637.jpg,0.5
test1638.jpg,0.5
test1639.jpg,0.5
test1640.jpg,0.5
test1641.jpg,0.5
test1642.jpg,0.5
test1643.jpg,0.5
test1644.jpg,0.5
test1645.jpg,0.5
test1646.jpg,0.5
test1647.jpg,0.5
test1648.jpg,0.5
test1649.jpg,0.5
test1650.jpg,0.5
test1651.jpg,0.5
test1652.jpg,0.5
test1653.jpg,0.5
test1654.jpg,0.5
test1655.jpg,0.5
test1656.jpg,0.5
test1657.jpg,0.5
test1658.jpg,0.5
test1659.jpg,0.5
test1660.jpg,0.5
test1661.jpg,0.5
test1662.jpg,0.5
test1663.jpg,0.5
test1664.jpg,0.5
test1665.jpg,0.5
test1666.jpg,0.5
test1667.jpg,0.5
test1668.jpg,0.5
test1669.jpg,0.5
test1670.jpg,0.5
test1671.jpg,0.5
test1672.jpg,0.5
test1673.jpg,0.5
test1674.jpg,0.5
test1675.jpg,0.5
test1676.jpg,0.5
test1677.jpg,0.5
test1678.jpg,0.5
test1679.jpg,0.5
test1680.jpg,0.5
test1681.jpg,0.5
test1682.jpg,0.5
test1683.jpg,0.5
test1684.jpg,0.5
test1685.jpg,0.5
test1686.jpg,0.5
test1687.jpg,0.5
test1688.jpg,0.5
test1689.jpg,0.5
test1690.jpg,0.5
test1691.jpg,0.5
test1692.jpg,0.5
test1693.jpg,0.5
test1694.jpg,0.5
test1695.jpg,0.5
test1696.jpg,0.5
test1697.jpg,0.5
test1698.jpg,0.5
test1699.jpg,0.5
test1700.jpg,0.5
test1701.jpg,0.5
test1702.jpg,0.5
test1703.jpg,0.5
test1704.jpg,0.5
test1705.jpg,0.5
test1706.jpg,0.5
test1707.jpg,0.5
test1708.jpg,0.5
test1709.jpg,0.5
test1710.jpg,0.5
test1711.jpg,0.5
test1712.jpg,0.5
test1713.jpg,0.5
test1714.jpg,0.5
test1715.jpg,0.5
test1716.jpg,0.5
test1717.jpg,0.5
test1718.jpg,0.5
test1719.jpg,0.5
test1720.jpg,0.5
test1721.jpg,0.5
test1722.jpg,0.5
test1723.jpg,0.5
test1724.jpg,0.5
test1725.jpg,0.5
test1726.jpg,0.5
test1727.jpg,0.5
test1728.jpg,0.5
test1729.jpg,0.5
test1730.jpg,0.5
test1731.jpg,0.5
test1732.jpg,0.5
test1733.jpg,0.5
test1734.jpg,0.5
test1735.jpg,0.5
test1736.jpg,0.5
test1737.jpg,0.5
test1738.jpg,0.5
test1739.jpg,0.5
test1740.jpg,0.5
test1741.jpg,0.5
test1742.jpg,0.5
test1743.jpg,0.5
test1744.jpg,0.5
test1745.jpg,0.5
test1746.jpg,0.5
test1747.jpg,0.5
test1748.jpg,0.5
test1749.jpg,0.5
test1750.jpg,0.5
test1751.jpg,0.5
test1752.jpg,0.5
test1753.jpg,0.5
test1754.jpg,0.5
test1755.jpg,0.5
test1756.jpg,0.5
test1757.jpg,0.5
test1758.jpg,0.5
test1759.jpg,0.5
test1760.jpg,0.5
test1761.jpg,0.5
test1762.jpg,0.5
test1763.jpg,0.5
test1764.jpg,0.5
test1765.jpg,0.5
test1766.jpg,0.5
test1767.jpg,0.5
test1768.jpg,0.5
test1769.jpg,0.5
test1770.jpg,0.5
test1771.jpg,0.5
test1772.jpg,0.5
test1773.jpg,0.5
test1774.jpg,0.5
test1775.jpg,0.5
test1776.jpg,0.5
test1777.jpg,0.5
test1778.jpg,0.5
test1779.jpg,0.5
test1780.jpg,0.5
test1781.jpg,0.5
test1782.jpg,0.5
test1783.jpg,0.5
test1784.jpg,0.5
test1785.jpg,0.5
test1786.jpg,0.5
test1787.jpg,0.5
test1788.jpg,0.5
test1789.jpg,0.5
test1790.jpg,0.5
test1791.jpg,0.5
test1792.jpg,0.5
test1793.jpg,0.5
test1794.jpg,0.5
test1795.jpg,0.5
test1796.jpg,0.5
test1797.jpg,0.5
test1798.jpg,0.5
test1799.jpg,0.5
test1800.jpg,0.5
test1801.jpg,0.5
test1802.jpg,0.5
test1803.jpg,0.5
test1804.jpg,0.5
test1805.jpg,0.5
test1806.jpg,0.5
test1807.jpg,0.5
test1808.jpg,0.5
test1809.jpg,0.5
test1810.jpg,0.5
test1811.jpg,0.5
test1812.jpg,0.5
test1813.jpg,0.5
test1814.jpg,0.5
test1815.jpg,0.5
test1816.jpg,0.5
test1817.jpg,0.5
test1818.jpg,0.5
test1819.jpg,0.5
test1820.jpg,0.5
test1821.jpg,0.5
test1822.jpg,0.5
test1823.jpg,0.5
test1824.jpg,0.5
test1825.jpg,0.5
test1826.jpg,0.5
test1827.jpg,0.5
test1828.jpg,0.5
test1829.jpg,0.5
test1830.jpg,0.5
test1831.jpg,0.5
test1832.jpg,0.5
test1833.jpg,0.5
test1834.jpg,0.5
test1835.jpg,0.5
test1836.jpg,0.5
test1837.jpg,0.5
test1838.jpg,0.5
test1839.jpg,0.5
test1840.jpg,0.5
test1841.jpg,0.5
test1842.jpg,0.5
test1843.jpg,0.5
test1844.jpg,0.5
test1845.jpg,0.5
test1846.jpg,0.5
test1847.jpg,0.5
test1848.jpg,0.5
test1849.jpg,0.5
test1850.jpg,0.5
test1851.jpg,0.5
test1852.jpg,0.5
test1853.jpg,0.5
test1854.jpg,0.5
test1855.jpg,0.5
test1856.jpg,0.5
test1857.jpg,0.5
test1858.jpg,0.5
test1859.jpg,0.5
test1860.jpg,0.5
test1861.jpg,0.5
test1862.jpg,0.5
test1863.jpg,0.5
test1864.jpg,0.5
test1865.jpg,0.5
test1866.jpg,0.5
test1867.jpg,0.5
test1868.jpg,0.5
test1869.jpg,0.5
test1870.jpg,0.5
test1871.jpg,0.5
test1872.jpg,0.5
test1873.jpg,0.5
test1874.jpg,0.5
test1875.jpg,0.5
test1876.jpg,0.5
test1877.jpg,0.5
test1878.jpg,0.5
test1879.jpg,0.5
test1880.jpg,0.5
test1881.jpg,0.5
test1882.jpg,0.5
test1883.jpg,0.5
test1884.jpg,0.5
test1885.jpg,0.5
test1886.jpg,0.5
test1887.jpg,0.5
test1888.jpg,0.5
test1889.jpg,0.5
test1890.jpg,0.5
test1891.jpg,0.5
test1892.jpg,0.5
test1893.jpg,0.5
test1894.jpg,0.5
test1895.jpg,0.5
test1896.jpg,0.5
test1897.jpg,0.5
test1898.jpg,0.5
test1899.jpg,0.5
test1900.jpg,0.5
test1901.jpg,0.5
test1902.jpg,0.5
test1903.jpg,0.5
test1904.jpg,0.5
test1905.jpg,0.5
test1906.jpg,0.5
test1907.jpg,0.5
test1908.jpg,0.5
test1909.jpg,0.5
test1910.jpg,0.5
test1911.jpg,0.5
test1912.jpg,0.5
test1913.jpg,0.5
test1914.jpg,0.5
test1915.jpg,0.5
test1916.jpg,0.5
test1917.jpg,0.5
test1918.jpg,0.5
test1919.jpg,0.5
test1920.jpg,0.5
test1921.jpg,0.5
test1922.jpg,0.5
test1923.jpg,0.5
test1924.jpg,0.5
test1925.jpg,0.5
test1926.jpg,0.5
test1927.jpg,0.5
test1928.jpg,0.5
test1929.jpg,0.5
test1930.jpg,0.5
test1931.jpg,0.5
test1932.jpg,0.5
test1933.jpg,0.5
test1934.jpg,0.5
test1935.jpg,0.5
test1936.jpg,0.5
test1937.jpg,0.5
test1938.jpg,0.5
test1939.jpg,0.5
test1940.jpg,0.5
test1941.jpg,0.5
test1942.jpg,0.5
test1943.jpg,0.5
test1944.jpg,0.5
test1945.jpg,0.5
test1946.jpg,0.5
test1947.jpg,0.5
test1948.jpg,0.5
test1949.jpg,0.5
test1950.jpg,0.5
test1951.jpg,0.5
test1952.jpg,0.5
test1953.jpg,0.5
test1954.jpg,0.5
test1955.jpg,0.5
test1956.jpg,0.5
test1957.jpg,0.5
test1958.jpg,0.5
test1959.jpg,0.5
test1960.jpg,0.5
test1961.jpg,0.5
test1962.jpg,0.5
test1963.jpg,0.5
test1964.jpg,0.5
test1965.jpg,0.5
test1966.jpg,0.5
test1967.jpg,0.5
test1968.jpg,0.5
test1969.jpg,0.5
test1970.jpg,0.5
test1971.jpg,0.5
test1972.jpg,0.5
test1973.jpg,0.5
test1974.jpg,0.5
test1975.jpg,0.5
test1976.jpg,0.5
test1977.jpg,0.5
test1978.jpg,0.5
test1979.jpg,0.5
test1980.jpg,0.5
test1981.jpg,0.5
test1982.jpg,0.5
test1983.jpg,0.5
test1984.jpg,0.5
test1985.jpg,0.5
test1986.jpg,0.5
test1987.jpg,0.5
test1988.jpg,0.5
test1989.jpg,0.5
test1990.jpg,0.5
test1991.jpg,0.5
test1992.jpg,0.5
test1993.jpg,0.5
test1994.jpg,0.5
test1995.jpg,0.5
test1996.jpg,0.5
test1997.jpg,0.5
test1998.jpg,0.5
test1999.jpg,0.5
test2000.jpg,0.5
test2001.jpg,0.5
test2002.jpg,0.5
test2003.jpg,0.5
test2004.jpg,0.5
test2005.jpg,0.5
test2006.jpg,0.5
test2007.jpg,0.5
test2008.jpg,0.5
test2009.jpg,0.5
test2010.jpg,0.5
test2011.jpg,0.5
test2012.jpg,0.5
test2013.jpg,0.5
test2014.jpg,0.5
test2015.jpg,0.5
test2016.jpg,0.5
test2017.jpg,0.5
test2018.jpg,0.5
test2019.jpg,0.5
test2020.jpg,0.5
test2021.jpg,0.5
test2022.jpg,0.5
test2023.jpg,0.5
test2024.jpg,0.5
test2025.jpg,0.5
test2026.jpg,0.5
test2027.jpg,0.5
test2028.jpg,0.5
test2029.jpg,0.5
test2030.jpg,0.5
test2031.jpg,0.5
test2032.jpg,0.5
test2033.jpg,0.5
test2034.jpg,0.5
test2035.jpg,0.5
test2036.jpg,0.5
test2037.jpg,0.5
test2038.jpg,0.5
test2039.jpg,0.5
test2040.jpg,0.5
test2041.jpg,0.5
test2042.jpg,0.5
test2043.jpg,0.5
test2044.jpg,0.5
test2045.jpg,0.5
test2046.jpg,0.5
test2047.jpg,0.5
test2048.jpg,0.5
test2049.jpg,0.5
test2050.jpg,0.5
test2051.jpg,0.5
test2052.jpg,0.5
test2053.jpg,0.5
test2054.jpg,0.5
test2055.jpg,0.5
test2056.jpg,0.5
test2057.jpg,0.5
test2058.jpg,0.5
test2059.jpg,0.5
test2060.jpg,0.5
test2061.jpg,0.5
test2062.jpg,0.5
test2063.jpg,0.5
test2064.jpg,0.5
test2065.jpg,0.5
test2066.jpg,0.5
test2067.jpg,0.5
test2068.jpg,0.5
test2069.jpg,0.5
test2070.jpg,0.5
test2071.jpg,0.5
test2072.jpg,0.5
test2073.jpg,0.5
test2074.jpg,0.5
test2075.jpg,0.5
test2076.jpg,0.5
test2077.jpg,0.5
test2078.jpg,0.5
test2079.jpg,0.5
test2080.jpg,0.5
test2081.jpg,0.5
test2082.jpg,0.5
test2083.jpg,0.5
test2084.jpg,0.5
test2085.jpg,0.5
test2086.jpg,0.5
test2087.jpg,0.5
test2088.jpg,0.5
test2089.jpg,0.5
test2090.jpg,0.5
test2091.jpg,0.5
test2092.jpg,0.5
test2093.jpg,0.5
test2094.jpg,0.5
test2095.jpg,0.5
test2096.jpg,0.5
test2097.jpg,0.5
test2098.jpg,0.5
test2099.jpg,0.5
test2100.jpg,0.5
test2101.jpg,0.5
test2102.jpg,0.5
test2103.jpg,0.5
test2104.jpg,0.5
test2105.jpg,0.5
test2106.jpg,0.5
test2107.jpg,0.5
test2108.jpg,0.5
test2109.jpg,0.5
test2110.jpg,0.5
test2111.jpg,0.5
test2112.jpg,0.5
test2113.jpg,0.5
test2114.jpg,0.5
test2115.jpg,0.5
test2116.jpg,0.5
test2117.jpg,0.5
test2118.jpg,0.5
test2119.jpg,0.5
test2120.jpg,0.5
test2121.jpg,0.5
test2122.jpg,0.5
test2123.jpg,0.5
test2124.jpg,0.5
test2125.jpg,0.5
test2126.jpg,0.5
test2127.jpg,0.5
test2128.jpg,0.5
test2129.jpg,0.5
test2130.jpg,0.5
test2131.jpg,0.5
test2132.jpg,0.5
test2133.jpg,0.5
test2134.jpg,0.5
test2135.jpg,0.5
test2136.jpg,0.5
test2137.jpg,0.5
test2138.jpg,0.5
test2139.jpg,0.5
test2140.jpg,0.5
test2141.jpg,0.5
test2142.jpg,0.5
test2143.jpg,0.5
test2144.jpg,0.5
test2145.jpg,0.5
test2146.jpg,0.5
test2147.jpg,0.5
test2148.jpg,0.5
test2149.jpg,0.5
test2150.jpg,0.5
test2151.jpg,0.5
test2152.jpg,0.5
test2153.jpg,0.5
test2154.jpg,0.5
test2155.jpg,0.5
test2156.jpg,0.5
test2157.jpg,0.5
test2158.jpg,0.5
test2159.jpg,0.5
test2160.jpg,0.5
test2161.jpg,0.5
test2162.jpg,0.5
test2163.jpg,0.5
test2164.jpg,0.5
test2165.jpg,0.5
test2166.jpg,0.5
test2167.jpg,0.5
test2168.jpg,0.5
test2169.jpg,0.5
test2170.jpg,0.5
test2171.jpg,0.5
test2172.jpg,0.5
test2173.jpg,0.5
test2174.jpg,0.5
test2175.jpg,0.5
test2176.jpg,0.5
test2177.jpg,0.5
test2178.jpg,0.5
test2179.jpg,0.5
test2180.jpg,0.5
test2181.jpg,0.5
test2182.jpg,0.5
test2183.jpg,0.5
test2184.jpg,0.5
test2185.jpg,0.5
test2186.jpg,0.5
test2187.jpg,0.5
test2188.jpg,0.5
test2189.jpg,0.5
test2190.jpg,0.5
test2191.jpg,0.5
test2192.jpg,0.5
test2193.jpg,0.5
test2194.jpg,0.5
test2195.jpg,0.5
test2196.jpg,0.5
test2197.jpg,0.5
test2198.jpg,0.5
test2199.jpg,0.5
test2200.jpg,0.5
test2201.jpg,0.5
test2202.jpg,0.5
test2203.jpg,0.5
test2204.jpg,0.5
test2205.jpg,0.5
test2206.jpg,0.5
test2207.jpg,0.5
test2208.jpg,0.5
test2209.jpg,0.5
test2210.jpg,0.5
test2211.jpg,0.5
test2212.jpg,0.5
test2213.jpg,0.5
test2214.jpg,0.5
test2215.jpg,0.5
test2216.jpg,0.5
test2217.jpg,0.5
test2218.jpg,0.5
test2219.jpg,0.5
test2220.jpg,0.5
test2221.jpg,0.5
test2222.jpg,0.5
test2223.jpg,0.5
test2224.jpg,0.5
test2225.jpg,0.5
test2226.jpg,0.5
test2227.jpg,0.5
test2228.jpg,0.5
test2229.jpg,0.5
test2230.jpg,0.5
test2231.jpg,0.5
test2232.jpg,0.5
test2233.jpg,0.5
test2234.jpg,0.5
test2235.jpg,0.5
test2236.jpg,0.5
test2237.jpg,0.5
test2238.jpg,0.5
test2239.jpg,0.5
test2240.jpg,0.5
test2241.jpg,0.5
test2242.jpg,0.5
test2243.jpg,0.5
test2244.jpg,0.5
test2245.jpg,0.5
test2246.jpg,0.5
test2247.jpg,0.5
test2248.jpg,0.5
test2249.jpg,0.5
test2250.jpg,0.5
test2251.jpg,0.5
test2252.jpg,0.5
test2253.jpg,0.5
test2254.jpg,0.5
test2255.jpg,0.5
test2256.jpg,0.5
test2257.jpg,0.5
test2258.jpg,0.5
test2259.jpg,0.5
test2260.jpg,0.5
test2261.jpg,0.5
test2262.jpg,0.5
test2263.jpg,0.5
test2264.jpg,0.5
test2265.jpg,0.5
test2266.jpg,0.5
test2267.jpg,0.5
test2268.jpg,0.5
test2269.jpg,0.5
test2270.jpg,0.5
test2271.jpg,0.5
test2272.jpg,0.5
test2273.jpg,0.5
test2274.jpg,0.5
test2275.jpg,0.5
test2276.jpg,0.5
test2277.jpg,0.5
test2278.jpg,0.5
test2279.jpg,0.5
test2280.jpg,0.5
test2281.jpg,0.5
test2282.jpg,0.5
test2283.jpg,0.5
test2284.jpg,0.5
test2285.jpg,0.5
test2286.jpg,0.5
test2287.jpg,0.5
test2288.jpg,0.5
test2289.jpg,0.5
test2290.jpg,0.5
test2291.jpg,0.5
test2292.jpg,0.5
test2293.jpg,0.5
test2294.jpg,0.5
test2295.jpg,0.5
test2296.jpg,0.5
test2297.jpg,0.5
test2298.jpg,0.5
test2299.jpg,0.5
test2300.jpg,0.5
test2301.jpg,0.5
test2302.jpg,0.5
test2303.jpg,0.5
test2304.jpg,0.5
test2305.jpg,0.5
test2306.jpg,0.5
test2307.jpg,0.5
test2308.jpg,0.5
test2309.jpg,0.5
test2310.jpg,0.5
test2311.jpg,0.5
test2312.jpg,0.5
test2313.jpg,0.5
test2314.jpg,0.5
test2315.jpg,0.5
test2316.jpg,0.5
test2317.jpg,0.5
test2318.jpg,0.5
test2319.jpg,0.5
test2320.jpg,0.5
test2321.jpg,0.5
test2322.jpg,0.5
test2323.jpg,0.5
test2324.jpg,0.5
test2325.jpg,0.5
test2326.jpg,0.5
test2327.jpg,0.5
test2328.jpg,0.5
test2329.jpg,0.5
test2330.jpg,0.5
test2331.jpg,0.5
test2332.jpg,0.5
test2333.jpg,0.5
test2334.jpg,0.5
test2335.jpg,0.5
test2336.jpg,0.5
test2337.jpg,0.5
test2338.jpg,0.5
test2339.jpg,0.5
test2340.jpg,0.5
test2341.jpg,0.5
test2342.jpg,0.5
test2343.jpg,0.5
test2344.jpg,0.5
test2345.jpg,0.5
test2346.jpg,0.5
test2347.jpg,0.5
test2348.jpg,0.5
test2349.jpg,0.5
test2350.jpg,0.5
test2351.jpg,0.5
test2352.jpg,0.5
test2353.jpg,0.5
test2354.jpg,0.5
test2355.jpg,0.5
test2356.jpg,0.5
test2357.jpg,0.5
test2358.jpg,0.5
test2359.jpg,0.5
test2360.jpg,0.5
test2361.jpg,0.5
test2362.jpg,0.5
test2363.jpg,0.5
test2364.jpg,0.5
test2365.jpg,0.5
test2366.jpg,0.5
test2367.jpg,0.5
test2368.jpg,0.5
test2369.jpg,0.5
test2370.jpg,0.5
test2371.jpg,0.5
test2372.jpg,0.5
test2373.jpg,0.5
test2374.jpg,0.5
test2375.jpg,0.5
test2376.jpg,0.5
test2377.jpg,0.5
test2378.jpg,0.5
test2379.jpg,0.5
test2380.jpg,0.5
test2381.jpg,0.5
test2382.jpg,0.5
test2383.jpg,0.5
test2384.jpg,0.5
test2385.jpg,0.5
test2386.jpg,0.5
test2387.jpg,0.5
test2388.jpg,0.5
test2389.jpg,0.5
test2390.jpg,0.5
test2391.jpg,0.5
test2392.jpg,0.5
test2393.jpg,0.5
test2394.jpg,0.5
test2395.jpg,0.5
test2396.jpg,0.5
test2397.jpg,0.5
test2398.jpg,0.5
test2399.jpg,0.5
test2400.jpg,0.5
test2401.jpg,0.5
test2402.jpg,0.5
test2403.jpg,0.5
test2404.jpg,0.5
test2405.jpg,0.5
test2406.jpg,0.5
test2407.jpg,0.5
test2408.jpg,0.5
test2409.jpg,0.5
test2410.jpg,0.5
test2411.jpg,0.5
test2412.jpg,0.5
test2413.jpg,0.5
test2414.jpg,0.5
test2415.jpg,0.5
test2416.jpg,0.5
test2417.jpg,0.5
test2418.jpg,0.5
test2419.jpg,0.5
test2420.jpg,0.5
test2421.jpg,0.5
test2422.jpg,0.5
test2423.jpg,0.5
test2424.jpg,0.5
test2425.jpg,0.5
test2426.jpg,0.5
test2427.jpg,0.5
test2428.jpg,0.5
test2429.jpg,0.5
test2430.jpg,0.5
test2431.jpg,0.5
test2432.jpg,0.5
test2433.jpg,0.5
test2434.jpg,0.5
test2435.jpg,0.5
test2436.jpg,0.5
test2437.jpg,0.5
test2438.jpg,0.5
test2439.jpg,0.5
test2440.jpg,0.5
test2441.jpg,0.5
test2442.jpg,0.5
test2443.jpg,0.5
test2444.jpg,0.5
test2445.jpg,0.5
test2446.jpg,0.5
test2447.jpg,0.5
test2448.jpg,0.5
test2449.jpg,0.5
test2450.jpg,0.5
test2451.jpg,0.5
test2452.jpg,0.5
test2453.jpg,0.5
test2454.jpg,0.5
test2455.jpg,0.5
test2456.jpg,0.5
test2457.jpg,0.5
test2458.jpg,0.5
test2459.jpg,0.5
test2460.jpg,0.5
test2461.jpg,0.5
test2462.jpg,0.5
test2463.jpg,0.5
test2464.jpg,0.5
test2465.jpg,0.5
test2466.jpg,0.5
test2467.jpg,0.5
test2468.jpg,0.5
test2469.jpg,0.5
test2470.jpg,0.5
test2471.jpg,0.5
test2472.jpg,0.5
test2473.jpg,0.5
test2474.jpg,0.5
test2475.jpg,0.5
test2476.jpg,0.5
test2477.jpg,0.5
test2478.jpg,0.5
test2479.jpg,0.5
test2480.jpg,0.5
test2481.jpg,0.5
test2482.jpg,0.5
test2483.jpg,0.5
test2484.jpg,0.5
test2485.jpg,0.5
test2486.jpg,0.5
test2487.jpg,0.5
test2488.jpg,0.5
test2489.jpg,0.5
test2490.jpg,0.5
test2491.jpg,0.5
test2492.jpg,0.5
test2493.jpg,0.5
test2494.jpg,0.5
test2495.jpg,0.5
test2496.jpg,0.5
test2497.jpg,0.5
test2498.jpg,0.5
test2499.jpg,0.5
test2500.jpg,0.5
test2501.jpg,0.5
test2502.jpg,0.5
test2503.jpg,0.5
test2504.jpg,0.5
test2505.jpg,0.5
test2506.jpg,0.5
test2507.jpg,0.5
test2508.jpg,0.5
test2509.jpg,0.5
test2510.jpg,0.5
test2511.jpg,0.5
test2512.jpg,0.5
test2513.jpg,0.5
test2514.jpg,0.5
test2515.jpg,0.5
test2516.jpg,0.5
test2517.jpg,0.5
test2518.jpg,0.5
test2519.jpg,0.5
test2520.jpg,0.5
test2521.jpg,0.5
test2522.jpg,0.5
test2523.jpg,0.5
test2524.jpg,0.5
test2525.jpg,0.5
test2526.jpg,0.5
test2527.jpg,0.5
test2528.jpg,0.5
test2529.jpg,0.5
test2530.jpg,0.5
test2531.jpg,0.5
test2532.jpg,0.5
test2533.jpg,0.5
test2534.jpg,0.5
test2535.jpg,0.5
test2536.jpg,0.5
test2537.jpg,0.5
test2538.jpg,0.5
test2539.jpg,0.5
test2540.jpg,0.5
test2541.jpg,0.5
test2542.jpg,0.5
test2543.jpg,0.5
test2544.jpg,0.5
test2545.jpg,0.5
test2546.jpg,0.5
test2547.jpg,0.5
test2548.jpg,0.5
test2549.jpg,0.5
test2550.jpg,0.5
test2551.jpg,0.5
test2552.jpg,0.5
test2553.jpg,0.5
test2554.jpg,0.5
test2555.jpg,0.5
test2556.jpg,0.5
test2557.jpg,0.5
test2558.jpg,0.5
test2559.jpg,0.5
test2560.jpg,0.5
test2561.jpg,0.5
test2562.jpg,0.5
test2563.jpg,0.5
test2564.jpg,0.5
test2565.jpg,0.5
test2566.jpg,0.5
test2567.jpg,0.5
test2568.jpg,0.5
test2569.jpg,0.5
test2570.jpg,0.5
test2571.jpg,0.5
test2572.jpg,0.5
test2573.jpg,0.5
test2574.jpg,0.5
test2575.jpg,0.5
test2576.jpg,0.5
test2577.jpg,0.5
test2578.jpg,0.5
test2579.jpg,0.5
test2580.jpg,0.5
test2581.jpg,0.5
test2582.jpg,0.5
test2583.jpg,0.5
test2584.jpg,0.5
test2585.jpg,0.5
test2586.jpg,0.5
test2587.jpg,0.5
test2588.jpg,0.5
test2589.jpg,0.5
test2590.jpg,0.5
test2591.jpg,0.5
test2592.jpg,0.5
test2593.jpg,0.5
test2594.jpg,0.5
test2595.jpg,0.5
test2596.jpg,0.5
test2597.jpg,0.5
test2598.jpg,0.5
test2599.jpg,0.5
test2600.jpg,0.5
test2601.jpg,0.5
test2602.jpg,0.5
test2603.jpg,0.5
test2604.jpg,0.5
test2605.jpg,0.5
test2606.jpg,0.5
test2607.jpg,0.5
test2608.jpg,0.5
test2609.jpg,0.5
test2610.jpg,0.5
test2611.jpg,0.5
test2612.jpg,0.5
test2613.jpg,0.5
test2614.jpg,0.5
test2615.jpg,0.5
test2616.jpg,0.5
test2617.jpg,0.5
test2618.jpg,0.5
test2619.jpg,0.5
test2620.jpg,0.5
test2621.jpg,0.5
test2622.jpg,0.5
test2623.jpg,0.5
test2624.jpg,0.5
test2625.jpg,0.5
test2626.jpg,0.5
test2627.jpg,0.5
test2628.jpg,0.5
test2629.jpg,0.5
test2630.jpg,0.5
test2631.jpg,0.5
test2632.jpg,0.5
test2633.jpg,0.5
test2634.jpg,0.5
test2635.jpg,0.5
test2636.jpg,0.5
test2637.jpg,0.5
test2638.jpg,0.5
test2639.jpg,0.5
test2640.jpg,0.5
test2641.jpg,0.5
test2642.jpg,0.5
test2643.jpg,0.5
test2644.jpg,0.5
test2645.jpg,0.5
test2646.jpg,0.5
test2647.jpg,0.5
test2648.jpg,0.5
test2649.jpg,0.5
test2650.jpg,0.5
test2651.jpg,0.5
test2652.jpg,0.5
test2653.jpg,0.5
test2654.jpg,0.5
test2655.jpg,0.5
test2656.jpg,0.5
test2657.jpg,0.5
test2658.jpg,0.5
test2659.jpg,0.5
test2660.jpg,0.5
test2661.jpg,0.5
test2662.jpg,0.5
test2663.jpg,0.5
test2664.jpg,0.5
test2665.jpg,0.5
test2666.jpg,0.5
test2667.jpg,0.5
test2668.jpg,0.5
test2669.jpg,0.5
test2670.jpg,0.5
test2671.jpg,0.5
test2672.jpg,0.5
test2673.jpg,0.5
test2674.jpg,0.5
test2675.jpg,0.5
test2676.jpg,0.5
test2677.jpg,0.5
test2678.jpg,0.5
test2679.jpg,0.5
test2680.jpg,0.5
test2681.jpg,0.5
test2682.jpg,0.5
test2683.jpg,0.5
test2684.jpg,0.5
test2685.jpg,0.5
test2686.jpg,0.5
test2687.jpg,0.5
test2688.jpg,0.5
test2689.jpg,0.5
test2690.jpg,0.5
test2691.jpg,0.5
test2692.jpg,0.5
test2693.jpg,0.5
test2694.jpg,0.5
test2695.jpg,0.5
test2696.jpg,0.5
test2697.jpg,0.5
test2698.jpg,0.5
test2699.jpg,0.5
test2700.jpg,0.5
test2701.jpg,0.5
test2702.jpg,0.5
test2703.jpg,0.5
test2704.jpg,0.5
test2705.jpg,0.5
test2706.jpg,0.5
test2707.jpg,0.5
test2708.jpg,0.5
test2709.jpg,0.5
test2710.jpg,0.5
test2711.jpg,0.5
test2712.jpg,0.5
test2713.jpg,0.5
test2714.jpg,0.5
test2715.jpg,0.5
test2716.jpg,0.5
test2717.jpg,0.5
test2718.jpg,0.5
test2719.jpg,0.5
test2720.jpg,0.5
test2721.jpg,0.5
test2722.jpg,0.5
test2723.jpg,0.5
test2724.jpg,0.5
test2725.jpg,0.5
test2726.jpg,0.5
test2727.jpg,0.5
test2728.jpg,0.5
test2729.jpg,0.5
test2730.jpg,0.5
test2731.jpg,0.5
test2732.jpg,0.5
test2733.jpg,0.5
test2734.jpg,0.5
test2735.jpg,0.5
test2736.jpg,0.5
test2737.jpg,0.5
test2738.jpg,0.5
test2739.jpg,0.5
test2740.jpg,0.5
test2741.jpg,0.5
test2742.jpg,0.5
test2743.jpg,0.5
test2744.jpg,0.5
test2745.jpg,0.5
test2746.jpg,0.5
test2747.jpg,0.5
test2748.jpg,0.5
test2749.jpg,0.5
test2750.jpg,0.5
test2751.jpg,0.5
test2752.jpg,0.5
test2753.jpg,0.5
test2754.jpg,0.5
test2755.jpg,0.5
test2756.jpg,0.5
test2757.jpg,0.5
test2758.jpg,0.5
test2759.jpg,0.5
test2760.jpg,0.5
test2761.jpg,0.5
test2762.jpg,0.5
test2763.jpg,0.5
test2764.jpg,0.5
test2765.jpg,0.5
test2766.jpg,0.5
test2767.jpg,0.5
test2768.jpg,0.5
test2769.jpg,0.5
test2770.jpg,0.5
test2771.jpg,0.5
test2772.jpg,0.5
test2773.jpg,0.5
test2774.jpg,0.5
test2775.jpg,0.5
test2776.jpg,0.5
test2777.jpg,0.5
test2778.jpg,0.5
test2779.jpg,0.5
test2780.jpg,0.5
test2781.jpg,0.5
test2782.jpg,0.5
test2783.jpg,0.5
test2784.jpg,0.5
test2785.jpg,0.5
test2786.jpg,0.5
test2787.jpg,0.5
test2788.jpg,0.5
test2789.jpg,0.5
test2790.jpg,0.5
test2791.jpg,0.5
test2792.jpg,0.5
test2793.jpg,0.5
test2794.jpg,0.5
test2795.jpg,0.5
test2796.jpg,0.5
test2797.jpg,0.5
test2798.jpg,0.5
test2799.jpg,0.5
test2800.jpg,0.5
test2801.jpg,0.5
test2802.jpg,0.5
test2803.jpg,0.5
test2804.jpg,0.5
test2805.jpg,0.5
test2806.jpg,0.5
test2807.jpg,0.5
test2808.jpg,0.5
test2809.jpg,0.5
test2810.jpg,0.5
test2811.jpg,0.5
test2812.jpg,0.5
test2813.jpg,0.5
test2814.jpg,0.5
test2815.jpg,0.5
test2816.jpg,0.5
test2817.jpg,0.5
test2818.jpg,0.5
test2819.jpg,0.5
test2820.jpg,0.5
test2821.jpg,0.5
test2822.jpg,0.5
test2823.jpg,0.5
test2824.jpg,0.5
test2825.jpg,0.5
test2826.jpg,0.5
test2827.jpg,0.5
test2828.jpg,0.5
test2829.jpg,0.5
test2830.jpg,0.5
test2831.jpg,0.5
test2832.jpg,0.5
test2833.jpg,0.5
test2834.jpg,0.5
test2835.jpg,0.5
test2836.jpg,0.5
test2837.jpg,0.5
test2838.jpg,0.5
test2839.jpg,0.5
test2840.jpg,0.5
test2841.jpg,0.5
test2842.jpg,0.5
test2843.jpg,0.5
test2844.jpg,0.5
test2845.jpg,0.5
test2846.jpg,0.5
test2847.jpg,0.5
test2848.jpg,0.5
test2849.jpg,0.5
test2850.jpg,0.5
test2851.jpg,0.5
test2852.jpg,0.5
test2853.jpg,0.5
test2854.jpg,0.5
test2855.jpg,0.5
test2856.jpg,0.5
test2857.jpg,0.5
test2858.jpg,0.5
test2859.jpg,0.5
test2860.jpg,0.5
test2861.jpg,0.5
test2862.jpg,0.5
test2863.jpg,0.5
test2864.jpg,0.5
test2865.jpg,0.5
test2866.jpg,0.5
test2867.jpg,0.5
test2868.jpg,0.5
test2869.jpg,0.5
test2870.jpg,0.5
test2871.jpg,0.5
test2872.jpg,0.5
test2873.jpg,0.5
test2874.jpg,0.5
test2875.jpg,0.5
test2876.jpg,0.5
test2877.jpg,0.5
test2878.jpg,0.5
test2879.jpg,0.5
test2880.jpg,0.5
test2881.jpg,0.5
test2882.jpg,0.5
test2883.jpg,0.5
test2884.jpg,0.5
test2885.jpg,0.5
test2886.jpg,0.5
test2887.jpg,0.5
test2888.jpg,0.5
test2889.jpg,0.5
test2890.jpg,0.5
test2891.jpg,0.5
test2892.jpg,0.5
test2893.jpg,0.5
test2894.jpg,0.5
test2895.jpg,0.5
test2896.jpg,0.5
test2897.jpg,0.5
test2898.jpg,0.5
test2899.jpg,0.5
test2900.jpg,0.5
test2901.jpg,0.5
test2902.jpg,0.5
test2903.jpg,0.5
test2904.jpg,0.5
test2905.jpg,0.5
test2906.jpg,0.5
test2907.jpg,0.5
test2908.jpg,0.5
test2909.jpg,0.5
test2910.jpg,0.5
test2911.jpg,0.5
test2912.jpg,0.5
test2913.jpg,0.5
test2914.jpg,0.5
test2915.jpg,0.5
test2916.jpg,0.5
test2917.jpg,0.5
test2918.jpg,0.5
test2919.jpg,0.5
test2920.jpg,0.5
test2921.jpg,0.5
test2922.jpg,0.5
test2923.jpg,0.5
test2924.jpg,0.5
test2925.jpg,0.5
test2926.jpg,0.5
test2927.jpg,0.5
test2928.jpg,0.5
test2929.jpg,0.5
test2930.jpg,0.5
test2931.jpg,0.5
test2932.jpg,0.5
test2933.jpg,0.5
test2934.jpg,0.5
test2935.jpg,0.5
test2936.jpg,0.5
test2937.jpg,0.5
test2938.jpg,0.5
test2939.jpg,0.5
test2940.jpg,0.5
test2941.jpg,0.5
test2942.jpg,0.5
test2943.jpg,0.5
test2944.jpg,0.5
test2945.jpg,0.5
test2946.jpg,0.5
test2947.jpg,0.5
test2948.jpg,0.5
test2949.jpg,0.5
test2950.jpg,0.5
test2951.jpg,0.5
test2952.jpg,0.5
test2953.jpg,0.5
test2954.jpg,0.5
test2955.jpg,0.5
test2956.jpg,0.5
test2957.jpg,0.5
test2958.jpg,0.5
test2959.jpg,0.5
test2960.jpg,0.5
test2961.jpg,0.5
test2962.jpg,0.5
test2963.jpg,0.5
test2964.jpg,0.5
test2965.jpg,0.5
test2966.jpg,0.5
test2967.jpg,0.5
test2968.jpg,0.5
test2969.jpg,0.5
test2970.jpg,0.5
test2971.jpg,0.5
test2972.jpg,0.5
test2973.jpg,0.5
test2974.jpg,0.5
test2975.jpg,0.5
test2976.jpg,0.5
test2977.jpg,0.5
test2978.jpg,0.5
test2979.jpg,0.5
test2980.jpg,0.5
test2981.jpg,0.5
test2982.jpg,0.5
test2983.jpg,0.5
test2984.jpg,0.5
test2985.jpg,0.5
test2986.jpg,0.5
test2987.jpg,0.5
test2988.jpg,0.5
test2989.jpg,0.5
test2990.jpg,0.5
test2991.jpg,0.5
test2992.jpg,0.5
test2993.jpg,0.5
test2994.jpg,0.5
test2995.jpg,0.5
test2996.jpg,0.5
test2997.jpg,0.5
test2998.jpg,0.5
test2999.jpg,0.5
test3000.jpg,0.5
test3001.jpg,0.5
test3002.jpg,0.5
test3003.jpg,0.5
test3004.jpg,0.5
test3005.jpg,0.5
test3006.jpg,0.5
test3007.jpg,0.5
test3008.jpg,0.5
test3009.jpg,0.5
test3010.jpg,0.5
test3011.jpg,0.5
test3012.jpg,0.5
test3013.jpg,0.5
test3014.jpg,0.5
test3015.jpg,0.5
test3016.jpg,0.5
test3017.jpg,0.5
test3018.jpg,0.5
test3019.jpg,0.5
test3020.jpg,0.5
test3021.jpg,0.5
test3022.jpg,0.5
test3023.jpg,0.5
test3024.jpg,0.5
test3025.jpg,0.5
test3026.jpg,0.5
test3027.jpg,0.5
test3028.jpg,0.5
test3029.jpg,0.5
test3030.jpg,0.5
test3031.jpg,0.5
test3032.jpg,0.5
test3033.jpg,0.5
test3034.jpg,0.5
test3035.jpg,0.5
test3036.jpg,0.5
test3037.jpg,0.5
test3038.jpg,0.5
test3039.jpg,0.5
test3040.jpg,0.5
test3041.jpg,0.5
test3042.jpg,0.5
test3043.jpg,0.5
test3044.jpg,0.5
test3045.jpg,0.5
test3046.jpg,0.5
test3047.jpg,0.5
test3048.jpg,0.5
test3049.jpg,0.5
test3050.jpg,0.5
test3051.jpg,0.5
test3052.jpg,0.5
test3053.jpg,0.5
test3054.jpg,0.5
test3055.jpg,0.5
test3056.jpg,0.5
test3057.jpg,0.5
test3058.jpg,0.5
test3059.jpg,0.5
test3060.jpg,0.5
test3061.jpg,0.5
test3062.jpg,0.5
test3063.jpg,0.5
test3064.jpg,0.5
test3065.jpg,0.5
test3066.jpg,0.5
test3067.jpg,0.5
test3068.jpg,0.5
test3069.jpg,0.5
test3070.jpg,0.5
test3071.jpg,0.5
test3072.jpg,0.5
test3073.jpg,0.5
test3074.jpg,0.5
test3075.jpg,0.5
test3076.jpg,0.5
test3077.jpg,0.5
test3078.jpg,0.5
test3079.jpg,0.5
test3080.jpg,0.5
test3081.jpg,0.5
test3082.jpg,0.5
test3083.jpg,0.5
test3084.jpg,0.5
test3085.jpg,0.5
test3086.jpg,0.5
test3087.jpg,0.5
test3088.jpg,0.5
test3089.jpg,0.5
test3090.jpg,0.5
test3091.jpg,0.5
test3092.jpg,0.5
test3093.jpg,0.5
test3094.jpg,0.5
test3095.jpg,0.5
test3096.jpg,0.5
test3097.jpg,0.5
test3098.jpg,0.5
test3099.jpg,0.5
test3100.jpg,0.5
test3101.jpg,0.5
test3102.jpg,0.5
test3103.jpg,0.5
test3104.jpg,0.5
test3105.jpg,0.5
test3106.jpg,0.5
test3107.jpg,0.5
test3108.jpg,0.5
test3109.jpg,0.5
test3110.jpg,0.5
test3111.jpg,0.5
test3112.jpg,0.5
test3113.jpg,0.5
test3114.jpg,0.5
test3115.jpg,0.5
test3116.jpg,0.5
test3117.jpg,0.5
test3118.jpg,0.5
test3119.jpg,0.5
test3120.jpg,0.5
test3121.jpg,0.5
test3122.jpg,0.5
test3123.jpg,0.5
test3124.jpg,0.5
test3125.jpg,0.5
test3126.jpg,0.5
test3127.jpg,0.5
test3128.jpg,0.5
test3129.jpg,0.5
test3130.jpg,0.5
test3131.jpg,0.5
test3132.jpg,0.5
test3133.jpg,0.5
test3134.jpg,0.5
test3135.jpg,0.5
test3136.jpg,0.5
test3137.jpg,0.5
test3138.jpg,0.5
test3139.jpg,0.5
test3140.jpg,0.5
test3141.jpg,0.5
test3142.jpg,0.5
test3143.jpg,0.5
test3144.jpg,0.5
test3145.jpg,0.5
test3146.jpg,0.5
test3147.jpg,0.5
test3148.jpg,0.5
test3149.jpg,0.5
test3150.jpg,0.5
test3151.jpg,0.5
test3152.jpg,0.5
test3153.jpg,0.5
test3154.jpg,0.5
test3155.jpg,0.5
test3156.jpg,0.5
test3157.jpg,0.5
test3158.jpg,0.5
test3159.jpg,0.5
test3160.jpg,0.5
test3161.jpg,0.5
test3162.jpg,0.5
test3163.jpg,0.5
test3164.jpg,0.5
test3165.jpg,0.5
test3166.jpg,0.5
test3167.jpg,0.5
test3168.jpg,0.5
test3169.jpg,0.5
test3170.jpg,0.5
test3171.jpg,0.5
test3172.jpg,0.5
test3173.jpg,0.5
test3174.jpg,0.5
test3175.jpg,0.5
test3176.jpg,0.5
test3177.jpg,0.5
test3178.jpg,0.5
test3179.jpg,0.5
test3180.jpg,0.5
test3181.jpg,0.5
test3182.jpg,0.5
test3183.jpg,0.5
test3184.jpg,0.5
test3185.jpg,0.5
test3186.jpg,0.5
test3187.jpg,0.5
test3188.jpg,0.5
test3189.jpg,0.5
test3190.jpg,0.5
test3191.jpg,0.5
test3192.jpg,0.5
test3193.jpg,0.5
test3194.jpg,0.5
test3195.jpg,0.5
test3196.jpg,0.5
test3197.jpg,0.5
test3198.jpg,0.5
test3199.jpg,0.5
test3200.jpg,0.5
test3201.jpg,0.5
test3202.jpg,0.5
test3203.jpg,0.5
test3204.jpg,0.5
test3205.jpg,0.5
test3206.jpg,0.5
test3207.jpg,0.5
test3208.jpg,0.5
test3209.jpg,0.5
test3210.jpg,0.5
test3211.jpg,0.5
test3212.jpg,0.5
test3213.jpg,0.5
test3214.jpg,0.5
test3215.jpg,0.5
test3216.jpg,0.5
test3217.jpg,0.5
test3218.jpg,0.5
test3219.jpg,0.5
test3220.jpg,0.5
test3221.jpg,0.5
test3222.jpg,0.5
test3223.jpg,0.5
test3224.jpg,0.5
test3225.jpg,0.5
test3226.jpg,0.5
test3227.jpg,0.5
test3228.jpg,0.5
test3229.jpg,0.5
test3230.jpg,0.5
test3231.jpg,0.5
test3232.jpg,0.5
test3233.jpg,0.5
test3234.jpg,0.5
test3235.jpg,0.5
test3236.jpg,0.5
test3237.jpg,0.5
test3238.jpg,0.5
test3239.jpg,0.5
test3240.jpg,0.5
test3241.jpg,0.5
test3242.jpg,0.5
test3243.jpg,0.5
test3244.jpg,0.5
test3245.jpg,0.5
test3246.jpg,0.5
test3247.jpg,0.5
test3248.jpg,0.5
test3249.jpg,0.5
test3250.jpg,0.5
test3251.jpg,0.5
test3252.jpg,0.5
test3253.jpg,0.5
test3254.jpg,0.5
test3255.jpg,0.5
test3256.jpg,0.5
test3257.jpg,0.5
test3258.jpg,0.5
test3259.jpg,0.5
test3260.jpg,0.5
test3261.jpg,0.5
test3262.jpg,0.5
test3263.jpg,0.5
test3264.jpg,0.5
test3265.jpg,0.5
test3266.jpg,0.5
test3267.jpg,0.5
test3268.jpg,0.5
test3269.jpg,0.5
test3270.jpg,0.5
test3271.jpg,0.5
test3272.jpg,0.5
test3273.jpg,0.5
test3274.jpg,0.5
test3275.jpg,0.5
test3276.jpg,0.5
test3277.jpg,0.5
test3278.jpg,0.5
test3279.jpg,0.5
test3280.jpg,0.5
test3281.jpg,0.5
test3282.jpg,0.5
test3283.jpg,0.5
test3284.jpg,0.5
test3285.jpg,0.5
test3286.jpg,0.5
test3287.jpg,0.5
test3288.jpg,0.5
test3289.jpg,0.5
test3290.jpg,0.5
test3291.jpg,0.5
test3292.jpg,0.5
test3293.jpg,0.5
test3294.jpg,0.5
test3295.jpg,0.5
test3296.jpg,0.5
test3297.jpg,0.5
test3298.jpg,0.5
test3299.jpg,0.5
test3300.jpg,0.5
test3301.jpg,0.5
test3302.jpg,0.5
test3303.jpg,0.5
test3304.jpg,0.5
test3305.jpg,0.5
test3306.jpg,0.5
test3307.jpg,0.5
test3308.jpg,0.5
test3309.jpg,0.5
test3310.jpg,0.5
test3311.jpg,0.5
test3312.jpg,0.5
test3313.jpg,0.5
test3314.jpg,0.5
test3315.jpg,0.5
test3316.jpg,0.5
test3317.jpg,0.5
test3318.jpg,0.5
test3319.jpg,0.5
test3320.jpg,0.5
test3321.jpg,0.5
test3322.jpg,0.5
test3323.jpg,0.5
test3324.jpg,0.5
test3325.jpg,0.5
test3326.jpg,0.5
test3327.jpg,0.5
test3328.jpg,0.5
test3329.jpg,0.5
test3330.jpg,0.5
test3331.jpg,0.5
test3332.jpg,0.5
test3333.jpg,0.5
test3334.jpg,0.5
test3335.jpg,0.5
test3336.jpg,0.5
test3337.jpg,0.5
test3338.jpg,0.5
test3339.jpg,0.5
test3340.jpg,0.5
test3341.jpg,0.5
test3342.jpg,0.5
test3343.jpg,0.5
test3344.jpg,0.5
test3345.jpg,0.5
test3346.jpg,0.5
test3347.jpg,0.5
test3348.jpg,0.5
test3349.jpg,0.5
test3350.jpg,0.5
test3351.jpg,0.5
test3352.jpg,0.5
test3353.jpg,0.5
test3354.jpg,0.5
test3355.jpg,0.5
test3356.jpg,0.5
test3357.jpg,0.5
test3358.jpg,0.5
test3359.jpg,0.5
test3360.jpg,0.5
test3361.jpg,0.5
test3362.jpg,0.5
test3363.jpg,0.5
test3364.jpg,0.5
test3365.jpg,0.5
test3366.jpg,0.5
test3367.jpg,0.5
test3368.jpg,0.5
test3369.jpg,0.5
test3370.jpg,0.5
test3371.jpg,0.5
test3372.jpg,0.5
test3373.jpg,0.5
test3374.jpg,0.5
test3375.jpg,0.5
test3376.jpg,0.5
test3377.jpg,0.5
test3378.jpg,0.5
test3379.jpg,0.5
test3380.jpg,0.5
test3381.jpg,0.5
test3382.jpg,0.5
test3383.jpg,0.5
test3384.jpg,0.5
test3385.jpg,0.5
test3386.jpg,0.5
test3387.jpg,0.5
test3388.jpg,0.5
test3389.jpg,0.5
test3390.jpg,0.5
test3391.jpg,0.5
test3392.jpg,0.5
test3393.jpg,0.5
test3394.jpg,0.5
test3395.jpg,0.5
test3396.jpg,0.5
test3397.jpg,0.5
test3398.jpg,0.5
test3399.jpg,0.5
test3400.jpg,0.5
test3401.jpg,0.5
test3402.jpg,0.5
test3403.jpg,0.5
test3404.jpg,0.5
test3405.jpg,0.5
test3406.jpg,0.5
test3407.jpg,0.5
test3408.jpg,0.5
test3409.jpg,0.5
test3410.jpg,0.5
test3411.jpg,0.5
test3412.jpg,0.5
test3413.jpg,0.5
test3414.jpg,0.5
test3415.jpg,0.5
test3416.jpg,0.5
test3417.jpg,0.5
test3418.jpg,0.5
test3419.jpg,0.5
test3420.jpg,0.5
test3421.jpg,0.5
test3422.jpg,0.5
test3423.jpg,0.5
test3424.jpg,0.5
test3425.jpg,0.5
test3426.jpg,0.5
test3427.jpg,0.5
test3428.jpg,0.5
test3429.jpg,0.5
test3430.jpg,0.5
test3431.jpg,0.5
test3432.jpg,0.5
test3433.jpg,0.5
test3434.jpg,0.5
test3435.jpg,0.5
test3436.jpg,0.5
test3437.jpg,0.5
test3438.jpg,0.5
test3439.jpg,0.5
test3440.jpg,0.5
test3441.jpg,0.5
test3442.jpg,0.5
test3443.jpg,0.5
test3444.jpg,0.5
test3445.jpg,0.5
test3446.jpg,0.5
test3447.jpg,0.5
test3448.jpg,0.5
test3449.jpg,0.5
test3450.jpg,0.5
test3451.jpg,0.5
test3452.jpg,0.5
test3453.jpg,0.5
test3454.jpg,0.5
test3455.jpg,0.5
test3456.jpg,0.5
test3457.jpg,0.5
test3458.jpg,0.5
test3459.jpg,0.5
test3460.jpg,0.5
test3461.jpg,0.5
test3462.jpg,0.5
test3463.jpg,0.5
test3464.jpg,0.5
test3465.jpg,0.5
test3466.jpg,0.5
test3467.jpg,0.5
test3468.jpg,0.5
test3469.jpg,0.5
test3470.jpg,0.5
test3471.jpg,0.5
test3472.jpg,0.5
test3473.jpg,0.5
test3474.jpg,0.5
test3475.jpg,0.5
test3476.jpg,0.5
test3477.jpg,0.5
test3478.jpg,0.5
test3479.jpg,0.5
test3480.jpg,0.5
test3481.jpg,0.5
test3482.jpg,0.5
test3483.jpg,0.5
test3484.jpg,0.5
test3485.jpg,0.5
test3486.jpg,0.5
test3487.jpg,0.5
test3488.jpg,0.5
test3489.jpg,0.5
test3490.jpg,0.5
test3491.jpg,0.5
test3492.jpg,0.5
test3493.jpg,0.5
test3494.jpg,0.5
test3495.jpg,0.5
test3496.jpg,0.5
test3497.jpg,0.5
test3498.jpg,0.5
test3499.jpg,0.5
test3500.jpg,0.5
test3501.jpg,0.5
test3502.jpg,0.5
test3503.jpg,0.5
test3504.jpg,0.5
test3505.jpg,0.5
test3506.jpg,0.5
test3507.jpg,0.5
test3508.jpg,0.5
test3509.jpg,0.5
test3510.jpg,0.5
test3511.jpg,0.5
test3512.jpg,0.5
test3513.jpg,0.5
test3514.jpg,0.5
test3515.jpg,0.5
test3516.jpg,0.5
test3517.jpg,0.5
test3518.jpg,0.5
test3519.jpg,0.5
test3520.jpg,0.5
test3521.jpg,0.5
test3522.jpg,0.5
test3523.jpg,0.5
test3524.jpg,0.5
test3525.jpg,0.5
test3526.jpg,0.5
test3527.jpg,0.5
test3528.jpg,0.5
test3529.jpg,0.5
test3530.jpg,0.5
test3531.jpg,0.5
test3532.jpg,0.5
test3533.jpg,0.5
test3534.jpg,0.5
test3535.jpg,0.5
test3536.jpg,0.5
test3537.jpg,0.5
test3538.jpg,0.5
test3539.jpg,0.5
test3540.jpg,0.5
test3541.jpg,0.5
test3542.jpg,0.5
test3543.jpg,0.5
test3544.jpg,0.5
test3545.jpg,0.5
test3546.jpg,0.5
test3547.jpg,0.5
test3548.jpg,0.5
test3549.jpg,0.5
test3550.jpg,0.5
test3551.jpg,0.5
test3552.jpg,0.5
test3553.jpg,0.5
test3554.jpg,0.5
test3555.jpg,0.5
test3556.jpg,0.5
test3557.jpg,0.5
test3558.jpg,0.5
test3559.jpg,0.5
test3560.jpg,0.5
test3561.jpg,0.5
test3562.jpg,0.5
test3563.jpg,0.5
test3564.jpg,0.5
test3565.jpg,0.5
test3566.jpg,0.5
test3567.jpg,0.5
test3568.jpg,0.5
test3569.jpg,0.5
test3570.jpg,0.5
test3571.jpg,0.5
test3572.jpg,0.5
test3573.jpg,0.5
test3574.jpg,0.5
test3575.jpg,0.5
test3576.jpg,0.5
test3577.jpg,0.5
test3578.jpg,0.5
test3579.jpg,0.5
test3580.jpg,0.5
test3581.jpg,0.5
test3582.jpg,0.5
test3583.jpg,0.5
test3584.jpg,0.5
test3585.jpg,0.5
test3586.jpg,0.5
test3587.jpg,0.5
test3588.jpg,0.5
test3589.jpg,0.5
test3590.jpg,0.5
test3591.jpg,0.5
test3592.jpg,0.5
test3593.jpg,0.5
test3594.jpg,0.5
test3595.jpg,0.5
test3596.jpg,0.5
test3597.jpg,0.5
test3598.jpg,0.5
test3599.jpg,0.5
test3600.jpg,0.5
test3601.jpg,0.5
test3602.jpg,0.5
test3603.jpg,0.5
test3604.jpg,0.5
test3605.jpg,0.5
test3606.jpg,0.5
test3607.jpg,0.5
test3608.jpg,0.5
test3609.jpg,0.5
test3610.jpg,0.5
test3611.jpg,0.5
test3612.jpg,0.5
test3613.jpg,0.5
test3614.jpg,0.5
test3615.jpg,0.5
test3616.jpg,0.5
test3617.jpg,0.5
test3618.jpg,0.5
test3619.jpg,0.5
test3620.jpg,0.5
test3621.jpg,0.5
test3622.jpg,0.5
test3623.jpg,0.5
test3624.jpg,0.5
test3625.jpg,0.5
test3626.jpg,0.5
test3627.jpg,0.5
test3628.jpg,0.5
test3629.jpg,0.5
test3630.jpg,0.5
test3631.jpg,0.5
test3632.jpg,0.5
test3633.jpg,0.5
test3634.jpg,0.5
test3635.jpg,0.5
test3636.jpg,0.5
test3637.jpg,0.5
test3638.jpg,0.5
test3639.jpg,0.5
test3640.jpg,0.5
test3641.jpg,0.5
test3642.jpg,0.5
test3643.jpg,0.5
test3644.jpg,0.5
test3645.jpg,0.5
test3646.jpg,0.5
test3647.jpg,0.5
test3648.jpg,0.5
test3649.jpg,0.5
test3650.jpg,0.5
test3651.jpg,0.5
test3652.jpg,0.5
test3653.jpg,0.5
test3654.jpg,0.5
test3655.jpg,0.5
test3656.jpg,0.5
test3657.jpg,0.5
test3658.jpg,0.5
test3659.jpg,0.5
test3660.jpg,0.5
test3661.jpg,0.5
test3662.jpg,0.5
test3663.jpg,0.5
test3664.jpg,0.5
test3665.jpg,0.5
test3666.jpg,0.5
test3667.jpg,0.5
test3668.jpg,0.5
test3669.jpg,0.5
test3670.jpg,0.5
test3671.jpg,0.5
test3672.jpg,0.5
test3673.jpg,0.5
test3674.jpg,0.5
test3675.jpg,0.5
test3676.jpg,0.5
test3677.jpg,0.5
test3678.jpg,0.5
test3679.jpg,0.5
test3680.jpg,0.5
test3681.jpg,0.5
test3682.jpg,0.5
test3683.jpg,0.5
test3684.jpg,0.5
test3685.jpg,0.5
test3686.jpg,0.5
test3687.jpg,0.5
test3688.jpg,0.5
test3689.jpg,0.5
test3690.jpg,0.5
test3691.jpg,0.5
test3692.jpg,0.5
test3693.jpg,0.5
test3694.jpg,0.5
test3695.jpg,0.5
test3696.jpg,0.5
test3697.jpg,0.5
test3698.jpg,0.5
test3699.jpg,0.5
test3700.jpg,0.5
test3701.jpg,0.5
test3702.jpg,0.5
test3703.jpg,0.5
test3704.jpg,0.5
test3705.jpg,0.5
test3706.jpg,0.5
test3707.jpg,0.5
test3708.jpg,0.5
test3709.jpg,0.5
test3710.jpg,0.5
test3711.jpg,0.5
test3712.jpg,0.5
test3713.jpg,0.5
test3714.jpg,0.5
test3715.jpg,0.5
test3716.jpg,0.5
test3717.jpg,0.5
test3718.jpg,0.5
test3719.jpg,0.5
test3720.jpg,0.5
test3721.jpg,0.5
test3722.jpg,0.5
test3723.jpg,0.5
test3724.jpg,0.5
test3725.jpg,0.5
test3726.jpg,0.5
test3727.jpg,0.5
test3728.jpg,0.5
test3729.jpg,0.5
test3730.jpg,0.5
test3731.jpg,0.5
test3732.jpg,0.5
test3733.jpg,0.5
test3734.jpg,0.5
test3735.jpg,0.5
test3736.jpg,0.5
test3737.jpg,0.5
test3738.jpg,0.5
test3739.jpg,0.5
test3740.jpg,0.5
test3741.jpg,0.5
test3742.jpg,0.5
test3743.jpg,0.5
test3744.jpg,0.5
test3745.jpg,0.5
test3746.jpg,0.5
test3747.jpg,0.5
test3748.jpg,0.5
test3749.jpg,0.5
test3750.jpg,0.5
test3751.jpg,0.5
test3752.jpg,0.5
test3753.jpg,0.5
test3754.jpg,0.5
test3755.jpg,0.5
test3756.jpg,0.5
test3757.jpg,0.5
test3758.jpg,0.5
test3759.jpg,0.5
test3760.jpg,0.5
test3761.jpg,0.5
test3762.jpg,0.5
test3763.jpg,0.5
test3764.jpg,0.5
test3765.jpg,0.5
test3766.jpg,0.5
test3767.jpg,0.5
test3768.jpg,0.5
test3769.jpg,0.5
test3770.jpg,0.5
test3771.jpg,0.5
test3772.jpg,0.5
test3773.jpg,0.5
test3774.jpg,0.5
test3775.jpg,0.5
test3776.jpg,0.5
test3777.jpg,0.5
test3778.jpg,0.5
test3779.jpg,0.5
test3780.jpg,0.5
test3781.jpg,0.5
test3782.jpg,0.5
test3783.jpg,0.5
test3784.jpg,0.5
test3785.jpg,0.5
test3786.jpg,0.5
test3787.jpg,0.5
test3788.jpg,0.5
test3789.jpg,0.5
test3790.jpg,0.5
test3791.jpg,0.5
test3792.jpg,0.5
test3793.jpg,0.5
test3794.jpg,0.5
test3795.jpg,0.5
test3796.jpg,0.5
test3797.jpg,0.5
test3798.jpg,0.5
test3799.jpg,0.5
test3800.jpg,0.5
test3801.jpg,0.5
test3802.jpg,0.5
test3803.jpg,0.5
test3804.jpg,0.5
test3805.jpg,0.5
test3806.jpg,0.5
test3807.jpg,0.5
test3808.jpg,0.5
test3809.jpg,0.5
test3810.jpg,0.5
test3811.jpg,0.5
test3812.jpg,0.5
test3813.jpg,0.5
test3814.jpg,0.5
test3815.jpg,0.5
test3816.jpg,0.5
test3817.jpg,0.5
test3818.jpg,0.5
test3819.jpg,0.5
test3820.jpg,0.5
test3821.jpg,0.5
test3822.jpg,0.5
test3823.jpg,0.5
test3824.jpg,0.5
test3825.jpg,0.5
test3826.jpg,0.5
test3827.jpg,0.5
test3828.jpg,0.5
test3829.jpg,0.5
test3830.jpg,0.5
test3831.jpg,0.5
test3832.jpg,0.5
test3833.jpg,0.5
test3834.jpg,0.5
test3835.jpg,0.5
test3836.jpg,0.5
test3837.jpg,0.5
test3838.jpg,0.5
test3839.jpg,0.5
test3840.jpg,0.5
test3841.jpg,0.5
test3842.jpg,0.5
test3843.jpg,0.5
test3844.jpg,0.5
test3845.jpg,0.5
test3846.jpg,0.5
test3847.jpg,0.5
test3848.jpg,0.5
test3849.jpg,0.5
test3850.jpg,0.5
test3851.jpg,0.5
test3852.jpg,0.5
test3853.jpg,0.5
test3854.jpg,0.5
test3855.jpg,0.5
test3856.jpg,0.5
test3857.jpg,0.5
test3858.jpg,0.5
test3859.jpg,0.5
test3860.jpg,0.5
test3861.jpg,0.5
test3862.jpg,0.5
test3863.jpg,0.5
test3864.jpg,0.5
test3865.jpg,0.5
test3866.jpg,0.5
test3867.jpg,0.5
test3868.jpg,0.5
test3869.jpg,0.5
test3870.jpg,0.5
test3871.jpg,0.5
test3872.jpg,0.5
test3873.jpg,0.5
test3874.jpg,0.5
test3875.jpg,0.5
test3876.jpg,0.5
test3877.jpg,0.5
test3878.jpg,0.5
test3879.jpg,0.5
test3880.jpg,0.5
test3881.jpg,0.5
test3882.jpg,0.5
test3883.jpg,0.5
test3884.jpg,0.5
test3885.jpg,0.5
test3886.jpg,0.5
test3887.jpg,0.5
test3888.jpg,0.5
test3889.jpg,0.5
test3890.jpg,0.5
test3891.jpg,0.5
test3892.jpg,0.5
test3893.jpg,0.5
test3894.jpg,0.5
test3895.jpg,0.5
test3896.jpg,0.5
test3897.jpg,0.5
test3898.jpg,0.5
test3899.jpg,0.5
test3900.jpg,0.5
test3901.jpg,0.5
test3902.jpg,0.5
test3903.jpg,0.5
test3904.jpg,0.5
test3905.jpg,0.5
test3906.jpg,0.5
test3907.jpg,0.5
test3908.jpg,0.5
test3909.jpg,0.5
test3910.jpg,0.5
test3911.jpg,0.5
test3912.jpg,0.5
test3913.jpg,0.5
test3914.jpg,0.5
test3915.jpg,0.5
test3916.jpg,0.5
test3917.jpg,0.5
test3918.jpg,0.5
test3919.jpg,0.5
test3920.jpg,0.5
test3921.jpg,0.5
test3922.jpg,0.5
test3923.jpg,0.5
test3924.jpg,0.5
test3925.jpg,0.5
test3926.jpg,0.5
test3927.jpg,0.5
test3928.jpg,0.5
test3929.jpg,0.5
test3930.jpg,0.5
test3931.jpg,0.5
test3932.jpg,0.5
test3933.jpg,0.5
test3934.jpg,0.5
test3935.jpg,0.5
test3936.jpg,0.5
test3937.jpg,0.5
test3938.jpg,0.5
test3939.jpg,0.5
test3940.jpg,0.5
test3941.jpg,0.5
test3942.jpg,0.5
test3943.jpg,0.5
test3944.jpg,0.5
test3945.jpg,0.5
test3946.jpg,0.5
test3947.jpg,0.5
test3948.jpg,0.5
test3949.jpg,0.5
test3950.jpg,0.5
test3951.jpg,0.5
test3952.jpg,0.5
test3953.jpg,0.5
test3954.jpg,0.5
test3955.jpg,0.5
test3956.jpg,0.5
test3957.jpg,0.5
test3958.jpg,0.5
test3959.jpg,0.5
test3960.jpg,0.5
test3961.jpg,0.5
test3962.jpg,0.5
test3963.jpg,0.5
test3964.jpg,0.5
test3965.jpg,0.5
test3966.jpg,0.5
test3967.jpg,0.5
test3968.jpg,0.5
test3969.jpg,0.5
test3970.jpg,0.5
test3971.jpg,0.5
test3972.jpg,0.5
test3973.jpg,0.5
test3974.jpg,0.5
test3975.jpg,0.5
test3976.jpg,0.5
test3977.jpg,0.5
test3978.jpg,0.5
test3979.jpg,0.5
test3980.jpg,0.5
test3981.jpg,0.5
test3982.jpg,0.5
test3983.jpg,0.5
test3984.jpg,0.5
test3985.jpg,0.5
test3986.jpg,0.5
test3987.jpg,0.5
test3988.jpg,0.5
test3989.jpg,0.5
test3990.jpg,0.5
test3991.jpg,0.5
test3992.jpg,0.5
test3993.jpg,0.5
test3994.jpg,0.5
test3995.jpg,0.5
test3996.jpg,0.5
test3997.jpg,0.5
test3998.jpg,0.5
test3999.jpg,0.5
test4000.jpg,0.5
test4001.jpg,0.5
test4002.jpg,0.5
test4003.jpg,0.5
test4004.jpg,0.5
test4005.jpg,0.5
test4006.jpg,0.5
test4007.jpg,0.5
test4008.jpg,0.5
test4009.jpg,0.5
test4010.jpg,0.5
test4011.jpg,0.5
test4012.jpg,0.5
test4013.jpg,0.5
test4014.jpg,0.5
test4015.jpg,0.5
test4016.jpg,0.5
test4017.jpg,0.5
test4018.jpg,0.5
test4019.jpg,0.5
test4020.jpg,0.5
test4021.jpg,0.5
test4022.jpg,0.5
test4023.jpg,0.5
test4024.jpg,0.5
test4025.jpg,0.5
test4026.jpg,0.5
test4027.jpg,0.5
test4028.jpg,0.5
test4029.jpg,0.5
test4030.jpg,0.5
test4031.jpg,0.5
test4032.jpg,0.5
test4033.jpg,0.5
test4034.jpg,0.5
test4035.jpg,0.5
test4036.jpg,0.5
test4037.jpg,0.5
test4038.jpg,0.5
test4039.jpg,0.5
test4040.jpg,0.5
test4041.jpg,0.5
test4042.jpg,0.5
test4043.jpg,0.5
test4044.jpg,0.5
test4045.jpg,0.5
test4046.jpg,0.5
test4047.jpg,0.5
test4048.jpg,0.5
test4049.jpg,0.5
test4050.jpg,0.5
test4051.jpg,0.5
test4052.jpg,0.5
test4053.jpg,0.5
test4054.jpg,0.5
test4055.jpg,0.5
test4056.jpg,0.5
test4057.jpg,0.5
test4058.jpg,0.5
test4059.jpg,0.5
test4060.jpg,0.5
test4061.jpg,0.5
test4062.jpg,0.5
test4063.jpg,0.5
test4064.jpg,0.5
test4065.jpg,0.5
test4066.jpg,0.5
test4067.jpg,0.5
test4068.jpg,0.5
test4069.jpg,0.5
test4070.jpg,0.5
test4071.jpg,0.5
test4072.jpg,0.5
test4073.jpg,0.5
test4074.jpg,0.5
test4075.jpg,0.5
test4076.jpg,0.5
test4077.jpg,0.5
test4078.jpg,0.5
test4079.jpg,0.5
test4080.jpg,0.5
test4081.jpg,0.5
test4082.jpg,0.5
test4083.jpg,0.5
test4084.jpg,0.5
test4085.jpg,0.5
test4086.jpg,0.5
test4087.jpg,0.5
test4088.jpg,0.5
test4089.jpg,0.5
test4090.jpg,0.5
test4091.jpg,0.5
test4092.jpg,0.5
test4093.jpg,0.5
test4094.jpg,0.5
test4095.jpg,0.5
test4096.jpg,0.5
test4097.jpg,0.5
test4098.jpg,0.5
test4099.jpg,0.5
test4100.jpg,0.5
test4101.jpg,0.5
test4102.jpg,0.5
test4103.jpg,0.5
test4104.jpg,0.5
test4105.jpg,0.5
test4106.jpg,0.5
test4107.jpg,0.5
test4108.jpg,0.5
test4109.jpg,0.5
test4110.jpg,0.5
test4111.jpg,0.5
test4112.jpg,0.5
test4113.jpg,0.5
test4114.jpg,0.5
test4115.jpg,0.5
test4116.jpg,0.5
test4117.jpg,0.5
test4118.jpg,0.5
test4119.jpg,0.5
test4120.jpg,0.5
test4121.jpg,0.5
test4122.jpg,0.5
test4123.jpg,0.5
test4124.jpg,0.5
test4125.jpg,0.5
test4126.jpg,0.5
test4127.jpg,0.5
test4128.jpg,0.5
test4129.jpg,0.5
test4130.jpg,0.5
test4131.jpg,0.5
test4132.jpg,0.5
test4133.jpg,0.5
test4134.jpg,0.5
test4135.jpg,0.5
test4136.jpg,0.5
test4137.jpg,0.5
test4138.jpg,0.5
test4139.jpg,0.5
test4140.jpg,0.5
test4141.jpg,0.5
test4142.jpg,0.5
test4143.jpg,0.5
test4144.jpg,0.5
test4145.jpg,0.5
test4146.jpg,0.5
test4147.jpg,0.5
test4148.jpg,0.5
test4149.jpg,0.5
test4150.jpg,0.5
test4151.jpg,0.5
test4152.jpg,0.5
test4153.jpg,0.5
test4154.jpg,0.5
test4155.jpg,0.5
test4156.jpg,0.5
test4157.jpg,0.5
test4158.jpg,0.5
test4159.jpg,0.5
test4160.jpg,0.5
test4161.jpg,0.5
test4162.jpg,0.5
test4163.jpg,0.5
test4164.jpg,0.5
test4165.jpg,0.5
test4166.jpg,0.5
test4167.jpg,0.5
test4168.jpg,0.5
test4169.jpg,0.5
test4170.jpg,0.5
test4171.jpg,0.5
test4172.jpg,0.5
test4173.jpg,0.5
test4174.jpg,0.5
test4175.jpg,0.5
test4176.jpg,0.5
test4177.jpg,0.5
test4178.jpg,0.5
test4179.jpg,0.5
test4180.jpg,0.5
test4181.jpg,0.5
test4182.jpg,0.5
test4183.jpg,0.5
test4184.jpg,0.5
test4185.jpg,0.5
test4186.jpg,0.5
test4187.jpg,0.5
test4188.jpg,0.5
test4189.jpg,0.5
test4190.jpg,0.5
test4191.jpg,0.5
test4192.jpg,0.5
test4193.jpg,0.5
test4194.jpg,0.5
test4195.jpg,0.5
test4196.jpg,0.5
test4197.jpg,0.5
test4198.jpg,0.5
test4199.jpg,0.5
test4200.jpg,0.5
test4201.jpg,0.5
test4202.jpg,0.5
test4203.jpg,0.5
test4204.jpg,0.5
test4205.jpg,0.5
test4206.jpg,0.5
test4207.jpg,0.5
test4208.jpg,0.5
test4209.jpg,0.5
test4210.jpg,0.5
test4211.jpg,0.5
test4212.jpg,0.5
test4213.jpg,0.5
test4214.jpg,0.5
test4215.jpg,0.5
test4216.jpg,0.5
test4217.jpg,0.5
test4218.jpg,0.5
test4219.jpg,0.5
test4220.jpg,0.5
test4221.jpg,0.5
test4222.jpg,0.5
test4223.jpg,0.5
test4224.jpg,0.5
test4225.jpg,0.5
test4226.jpg,0.5
test4227.jpg,0.5
test4228.jpg,0.5
test4229.jpg,0.5
test4230.jpg,0.5
test4231.jpg,0.5
test4232.jpg,0.5
test4233.jpg,0.5
test4234.jpg,0.5
test4235.jpg,0.5
test4236.jpg,0.5
test4237.jpg,0.5
test4238.jpg,0.5
test4239.jpg,0.5
test4240.jpg,0.5
test4241.jpg,0.5
test4242.jpg,0.5
test4243.jpg,0.5
test4244.jpg,0.5
test4245.jpg,0.5
test4246.jpg,0.5
test4247.jpg,0.5
test4248.jpg,0.5
test4249.jpg,0.5
test4250.jpg,0.5
test4251.jpg,0.5
test4252.jpg,0.5
test4253.jpg,0.5
test4254.jpg,0.5
test4255.jpg,0.5
test4256.jpg,0.5
test4257.jpg,0.5
test4258.jpg,0.5
test4259.jpg,0.5
test4260.jpg,0.5
test4261.jpg,0.5
test4262.jpg,0.5
test4263.jpg,0.5
test4264.jpg,0.5
test4265.jpg,0.5
test4266.jpg,0.5
test4267.jpg,0.5
test4268.jpg,0.5
test4269.jpg,0.5
test4270.jpg,0.5
test4271.jpg,0.5
test4272.jpg,0.5
test4273.jpg,0.5
test4274.jpg,0.5
test4275.jpg,0.5
test4276.jpg,0.5
test4277.jpg,0.5
test4278.jpg,0.5
test4279.jpg,0.5
test4280.jpg,0.5
test4281.jpg,0.5
test4282.jpg,0.5
test4283.jpg,0.5
test4284.jpg,0.5
test4285.jpg,0.5
test4286.jpg,0.5
test4287.jpg,0.5
test4288.jpg,0.5
test4289.jpg,0.5
test4290.jpg,0.5
test4291.jpg,0.5
test4292.jpg,0.5
test4293.jpg,0.5
test4294.jpg,0.5
test4295.jpg,0.5
test4296.jpg,0.5
test4297.jpg,0.5
test4298.jpg,0.5
test4299.jpg,0.5
test4300.jpg,0.5
test4301.jpg,0.5
test4302.jpg,0.5
test4303.jpg,0.5
test4304.jpg,0.5
test4305.jpg,0.5
test4306.jpg,0.5
test4307.jpg,0.5
test4308.jpg,0.5
test4309.jpg,0.5
test4310.jpg,0.5
test4311.jpg,0.5
test4312.jpg,0.5
test4313.jpg,0.5
test4314.jpg,0.5
test4315.jpg,0.5
test4316.jpg,0.5
test4317.jpg,0.5
test4318.jpg,0.5
test4319.jpg,0.5
test4320.jpg,0.5
test4321.jpg,0.5
test4322.jpg,0.5
test4323.jpg,0.5
test4324.jpg,0.5
test4325.jpg,0.5
test4326.jpg,0.5
test4327.jpg,0.5
test4328.jpg,0.5
test4329.jpg,0.5
test4330.jpg,0.5
test4331.jpg,0.5
test4332.jpg,0.5
test4333.jpg,0.5
test4334.jpg,0.5
test4335.jpg,0.5
test4336.jpg,0.5
test4337.jpg,0.5
test4338.jpg,0.5
test4339.jpg,0.5
test4340.jpg,0.5
test4341.jpg,0.5
test4342.jpg,0.5
test4343.jpg,0.5
test4344.jpg,0.5
test4345.jpg,0.5
test4346.jpg,0.5
test4347.jpg,0.5
test4348.jpg,0.5
test4349.jpg,0.5
test4350.jpg,0.5
test4351.jpg,0.5
test4352.jpg,0.5
test4353.jpg,0.5
test4354.jpg,0.5
test4355.jpg,0.5
test4356.jpg,0.5
test4357.jpg,0.5
test4358.jpg,0.5
test4359.jpg,0.5
test4360.jpg,0.5
test4361.jpg,0.5
test4362.jpg,0.5
test4363.jpg,0.5
test4364.jpg,0.5
test4365.jpg,0.5
test4366.jpg,0.5
test4367.jpg,0.5
test4368.jpg,0.5
test4369.jpg,0.5
test4370.jpg,0.5
test4371.jpg,0.5
test4372.jpg,0.5
test4373.jpg,0.5
test4374.jpg,0.5
test4375.jpg,0.5
test4376.jpg,0.5
test4377.jpg,0.5
test4378.jpg,0.5
test4379.jpg,0.5
test4380.jpg,0.5
test4381.jpg,0.5
test4382.jpg,0.5
test4383.jpg,0.5
test4384.jpg,0.5
test4385.jpg,0.5
test4386.jpg,0.5
test4387.jpg,0.5
test4388.jpg,0.5
test4389.jpg,0.5
test4390.jpg,0.5
test4391.jpg,0.5
test4392.jpg,0.5
test4393.jpg,0.5
test4394.jpg,0.5
test4395.jpg,0.5
test4396.jpg,0.5
test4397.jpg,0.5
test4398.jpg,0.5
test4399.jpg,0.5
test4400.jpg,0.5
test4401.jpg,0.5
test4402.jpg,0.5
test4403.jpg,0.5
test4404.jpg,0.5
test4405.jpg,0.5
test4406.jpg,0.5
test4407.jpg,0.5
test4408.jpg,0.5
test4409.jpg,0.5
test4410.jpg,0.5
test4411.jpg,0.5
test4412.jpg,0.5
test4413.jpg,0.5
test4414.jpg,0.5
test4415.jpg,0.5
test4416.jpg,0.5
test4417.jpg,0.5
test4418.jpg,0.5
test4419.jpg,0.5
test4420.jpg,0.5
test4421.jpg,0.5
test4422.jpg,0.5
test4423.jpg,0.5
test4424.jpg,0.5
test4425.jpg,0.5
test4426.jpg,0.5
test4427.jpg,0.5
test4428.jpg,0.5
test4429.jpg,0.5
test4430.jpg,0.5
test4431.jpg,0.5
test4432.jpg,0.5
test4433.jpg,0.5
test4434.jpg,0.5
test4435.jpg,0.5
test4436.jpg,0.5
test4437.jpg,0.5
test4438.jpg,0.5
test4439.jpg,0.5
test4440.jpg,0.5
test4441.jpg,0.5
test4442.jpg,0.5
test4443.jpg,0.5
test4444.jpg,0.5
test4445.jpg,0.5
test4446.jpg,0.5
test4447.jpg,0.5
test4448.jpg,0.5
test4449.jpg,0.5
test4450.jpg,0.5
test4451.jpg,0.5
test4452.jpg,0.5
test4453.jpg,0.5
test4454.jpg,0.5
test4455.jpg,0.5
test4456.jpg,0.5
test4457.jpg,0.5
test4458.jpg,0.5
test4459.jpg,0.5
test4460.jpg,0.5
test4461.jpg,0.5
test4462.jpg,0.5
test4463.jpg,0.5
test4464.jpg,0.5
test4465.jpg,0.5
test4466.jpg,0.5
test4467.jpg,0.5
test4468.jpg,0.5
test4469.jpg,0.5
test4470.jpg,0.5
test4471.jpg,0.5
test4472.jpg,0.5
test4473.jpg,0.5
test4474.jpg,0.5
test4475.jpg,0.5
test4476.jpg,0.5
test4477.jpg,0.5
test4478.jpg,0.5
test4479.jpg,0.5
test4480.jpg,0.5
test4481.jpg,0.5
test4482.jpg,0.5
test4483.jpg,0.5
test4484.jpg,0.5
test4485.jpg,0.5
test4486.jpg,0.5
test4487.jpg,0.5
test4488.jpg,0.5
test4489.jpg,0.5
test4490.jpg,0.5
test4491.jpg,0.5
test4492.jpg,0.5
test4493.jpg,0.5
test4494.jpg,0.5
test4495.jpg,0.5
test4496.jpg,0.5
test4497.jpg,0.5
test4498.jpg,0.5
test4499.jpg,0.5
test4500.jpg,0.5
test4501.jpg,0.5
test4502.jpg,0.5
test4503.jpg,0.5
test4504.jpg,0.5
test4505.jpg,0.5
test4506.jpg,0.5
test4507.jpg,0.5
test4508.jpg,0.5
test4509.jpg,0.5
test4510.jpg,0.5
test4511.jpg,0.5
test4512.jpg,0.5
test4513.jpg,0.5
test4514.jpg,0.5
test4515.jpg,0.5
test4516.jpg,0.5
test4517.jpg,0.5
test4518.jpg,0.5
test4519.jpg,0.5
test4520.jpg,0.5
test4521.jpg,0.5
test4522.jpg,0.5
test4523.jpg,0.5
